delete from participer
delete from derouler
delete from prononcer
delete from album
delete from personnage
delete from juron
delete from pays


insert into album values ('A1','TINTIN AU CONGO','1930');
insert into album values ('A10','LE SECRET DE LA LICORNE','1947');
insert into album values ('A11','LE TRESOR DE RACKHAM LE ROUGE','1947');
insert into album values ('A12','LES 7 BOULES DE CRISTAL','1948');
insert into album values ('A13','LE TEMPLE DU SOLEIL','1949');
insert into album values ('A14','AU PAYS DE L OR NOIR','1971');
insert into album values ('A15','OBJECTIF LUNE','1953');
insert into album values ('A16','ON A MARCHE SUR LA LUNE','1954');
insert into album values ('A17','L AFFAIRE TOURNESOL','1956');
insert into album values ('A18','COKE EN STOCK','1958');
insert into album values ('A19','TINTIN AU TIBET','1960');
insert into album values ('A2','TINTIN EN AMERIQUE','1931');
insert into album values ('A20','LES BIJOUX DE LA CASTAFIORE','1963');
insert into album values ('A21','VOL 714 POUR SIDNEY','1968');
insert into album values ('A22','TINTIN ET LES PICAROS','1976');
insert into album values ('A3','LES CIGARES DU PHARAON','1932');
insert into album values ('A4','LE LOTUS BLEU','1934');
insert into album values ('A5','L OREILLE CASSEE','1935');
insert into album values ('A6','L ILE NOIRE','1937');
insert into album values ('A7','LE SCEPTRE D OTTOKAR','1938');
insert into album values ('A8','LE CRABE AUX PINCES D OR','1940');
insert into album values ('A9','L ETOILE MYSTERIEUSE','1947');

INSERT into juron values ('J1','ESPECE DE BULLDOZER A REACTION');
INSERT into juron values ('J10','ESPECES DE MERINOS MAL PEIGNES');
INSERT into juron values ('J11','ESPECE DE CYRANO A QUATRE PATTES');
INSERT into juron values ('J12','ESPECE DE CANNIBALE EMPLUME');
INSERT into juron values ('J13','QUE LE GRAND CRIQUE ME CROQUE');
INSERT into juron values ('J14','PETIT FILS DE CHACAL PELE');
INSERT into juron values ('J15','ARRIERE PETIT-FILS DE VAUTOUR DEPLUME');
INSERT into juron values ('J16','INFECT ! EPOUVANTABLE ! INNOMABLE ! ABOMINABLE !');
INSERT into juron values ('J17','HISTOIRES A LA GRAISSE DE TROMBONNE A COULISSE');
INSERT into juron values ('J18','A L AIDE ! AU VOLEUR ! AU FEU ! A LA GARDE !');
INSERT into juron values ('J19','REVOLUTIONNAIRE EN PEAU DE LAPIN');
INSERT into juron values ('J2','ESPECE DE COWBOY DE LA ROUTE');
INSERT into juron values ('J3','BOUGRE DE SAUVAGE D AEROLITHE DE TONNERRE DE BREST');
INSERT into juron values ('J4','BOUGRE DE FAUX JETONS A LA SAUCE TARTARE');
INSERT into juron values ('J5','PAPOU DES CARPATHES');
INSERT into juron values ('J6','QUE LE DIABLE VOUS ETRIPATOUILLE');
INSERT into juron values ('J7','PAR LA BARBE DU PROPHETE');
INSERT into juron values ('J8','ESPECE DE SATANE BAZAR DE FOURBI DE TRUC');
INSERT into juron values ('J9','ESPECE DE CHOUETTE MAL EMPAILLEE');
INSERT into juron values ('JABRU','ABRUTI (SOMBRE)');
INSERT into juron values ('JACCA','ACCAPAREURS');
INSERT into juron values ('JAFFA','BANDE D AFFAMES');
INSERT into juron values ('JAGNE','MES DOUX AGNEAUX');
INSERT into juron values ('JAMPH','AMPHYTRION');
INSERT into juron values ('JANAC','ANACOLUTHE (ou ESPECE D )');
INSERT into juron values ('JANAL','ANALPHABETE (ou ESPECE D ANALPHABETE DIPLOME)');
INSERT into juron values ('JANAN','MILLE MILLIONS D ANANAS');
INSERT into juron values ('JANDO','ANDOUILLE (EPECE D )');
INSERT into juron values ('JANIM','ANIMAL (STUPIDE ou ESPECE)');
INSERT into juron values ('JANTH','ANTHROPOPITHEQUE');
INSERT into juron values ('JANTR','ANTROPOPHAGE');
INSERT into juron values ('JAPAC','APACHE');
INSERT into juron values ('JARLE','ARLEQUIN');
INSERT into juron values ('JASSA','ASSASSIN');
INSERT into juron values ('JAUNO','AU NOM DU CIEL - POUR L AMOUR DU CIEL/DE DIEU');
INSERT into juron values ('JAUTOC','AUTOCRATE');
INSERT into juron values ('JAUTOD','AUTODIDACTE');
INSERT into juron values ('JAZTH','AZTHEQUES');
INSERT into juron values ('JBABO','BABOUIN (ESPECE DE )');
INSERT into juron values ('JBACH','BACHI-BOUZOUK (ou - DES CARPATHES)');
INSERT into juron values ('JBAND','BANDIT');
INSERT into juron values ('JBARB','BARBU (VILAIN)');
INSERT into juron values ('JBETE','VILAINE BETE (ou SALE)');
INSERT into juron values ('JBIGR','BIGRE');
INSERT into juron values ('JBOIT','BOIT-SANS-SOIF');
INSERT into juron values ('JBONS','BON SANG (ou BON SANG DE ou SACRE)');
INSERT into juron values ('JBOUG','BOUGRE DE TINTIN ou LE BOUGRE');
INSERT into juron values ('JBRON','BRONTOZAURE (ESPECE DE)');
INSERT into juron values ('JBRUT','BRUTE (ou BANDE DE ou SOMBRE)');
INSERT into juron values ('JBUTO','BUTOR');
INSERT into juron values ('JCABO','SALE CABOT');
INSERT into juron values ('JCACH','CACHALOT');
INSERT into juron values ('JCALA','CALAMITE');
INSERT into juron values ('JCANAI','CANAILLE (ou PETITE)');
INSERT into juron values ('JCANAQ','CANAQUES (BANDE DE ou BOUGRE DE)');
INSERT into juron values ('JCANN','CANNIBALE (ou ESPECE DE)');
INSERT into juron values ('JCARA','CARAMBA');
INSERT into juron values ('JCARN','MUSSOLINI DE - ou FLIBUSTIER DE - ou ESPECE DE VERCINGETORIX DE -');
INSERT into juron values ('JCATACH','CATACHRESES');
INSERT into juron values ('JCATACL','CATACLYSME');
INSERT into juron values ('JCATAP','CATAPLASME');
INSERT into juron values ('JCATAS','CATASTROPHE');
INSERT into juron values ('JCERC','CERCOPITHEQUE');
INSERT into juron values ('JCHAU','CHAUFFARD (ou ESPECE DE )');
INSERT into juron values ('JCHEN','CHENAPAN');
INSERT into juron values ('JCHIE','CHIENS (ou - D ETRANGER ou FILS DE- GALEUX ou ...');
INSERT into juron values ('JCHIN','SALE CHINK ou SALE CHINOIS');
INSERT into juron values ('JCHOL','CHOLERA');
INSERT into juron values ('JCIEL','CIEL (ou JUSTE)');
INSERT into juron values ('JCLOP','CLOPORTES (ou ESPECE DE)');
INSERT into juron values ('JCOLE','COLEOPTERE');
INSERT into juron values ('JCOLO','COLOQUINTE');
INSERT into juron values ('JCOQU','COQUIN');
INSERT into juron values ('JCORNE','CORNEMUSE');
INSERT into juron values ('JCORNI','CORNICHON (ou BOUGRE D EXTRAIT DE ou TAS De ou VIEUX ou PAIRE DE...)');
INSERT into juron values ('JCORS','CORSAIRE');
INSERT into juron values ('JCOUP','COUPE JARRETS (ESPECE DE )');
INSERT into juron values ('JCRETA','CRETINS DES ALPES (ou BOUGRE D EXTRAIT DE)');
INSERT into juron values ('JCRETI','CRETINS( ESPECE DE - ou TRIPLE -)');
INSERT into juron values ('JCYAN','CYANURE');
INSERT into juron values ('JCYCLON','CYCLONE');
INSERT into juron values ('JCYCLOT','CYCLOTRON');
INSERT into juron values ('JDEGR','DE GRACE (ou GRACE)');
INSERT into juron values ('JDIAB','DIABLE ( ou PAR TOUS LES ou QUE ou - DE - ou - DU -)');
INSERT into juron values ('JDIPL','DIPLODOCUS');
INSERT into juron values ('JDORY','DORYPHORE');
INSERT into juron values ('JECOR','ECORNIFLEUR');
INSERT into juron values ('JECRA','ECRASEUR');
INSERT into juron values ('JECTO','ECTOPLASME (BANDE ou BOUGRE ou ESPECE ou - A ROULETTES ou ...)');
INSERT into juron values ('JEGOI','EGOISTE');
INSERT into juron values ('JEMPL','EMPLATRE (BANDE D ou (BOUGRE DE) CREME D ou EXTRAIT D ou ESPECE D)');
INSERT into juron values ('JEMPO','EMPOTES (BANDE D )');
INSERT into juron values ('JENFE','ENFER ET DAMNATION');
INSERT into juron values ('JESCL','ESCLAVAGISTE');
INSERT into juron values ('JESCO','ESCOGRIFFE');
INSERT into juron values ('JFAUX','FAUX JETON (ESPECE DE)');
INSERT into juron values ('JFICH','FICHU (- TEMPS ou - METIER ou -ESPAGNOLETTE ou FUSEE)');
INSERT into juron values ('JFLIB','FLIBUSTIER');
INSERT into juron values ('JFLUT','FLUTE');
INSERT into juron values ('JFORB','FORBAN');
INSERT into juron values ('JFREL','FRELUQUET (PETIT ou INSOLENT ou ESPECE DE)');
INSERT into juron values ('JFRER','FRERES DE LA COTE');
INSERT into juron values ('JFRIP','FRIPOUILLE');
INSERT into juron values ('JFROU','FROUSSARD (BANDE DE)');
INSERT into juron values ('JGAIL','MON GAILLARD');
INSERT into juron values ('JGALO','GALOPIN');
INSERT into juron values ('JGANG','GANGSTER');
INSERT into juron values ('JGARG','GARGARISME');
INSERT into juron values ('JGARN','GARNEMENT');
INSERT into juron values ('JGRAIN','GRAINE DE TAPIOQUISTES');
INSERT into juron values ('JGRAIS','GRAISSE DE HERISSON');
INSERT into juron values ('JGRED','GREDIN');
INSERT into juron values ('JGREN','GRENOUILLES');
INSERT into juron values ('JGROS','GROS PLEIN DE SOUPE');
INSERT into juron values ('JGROT','GROTESQUE');
INSERT into juron values ('JGYRO','GYROSCOPE');
INSERT into juron values ('JHERE','HERETIQUE');
INSERT into juron values ('JHOMM','NOM D UN HOMME ou ESPECE D HOMME');
INSERT into juron values ('JHORR','HORREUR');
INSERT into juron values ('JHORS','HORS LA LOI');
INSERT into juron values ('JHYDR','HYDROCARBURE');
INSERT into juron values ('JICON','ICONOCLASTE (ou MISERABLE)');
INSERT into juron values ('JIDIO','IDIOT (ou PARFAIT ou TRIPLE)');
INSERT into juron values ('JIMBE','IMBECILE (ou ESPECE D ou BOUGRE D )');
INSERT into juron values ('JINCA','INCAPABLE');
INSERT into juron values ('JINSO','INSOLENT');
INSERT into juron values ('JINVE','INVERTEBRE');
INSERT into juron values ('JIVRO','IVROGNE (ou VIEIL -)');
INSERT into juron values ('JJOCR','JOCRISSE');
INSERT into juron values ('JJUDA','JUDAS');
INSERT into juron values ('JJUSD','JUS DE REGLISSE');
INSERT into juron values ('JKHRO','KHROUMIRS (ESPECE DE)');
INSERT into juron values ('JKUKL','BANDE DE KUKLUX-KLANS');
INSERT into juron values ('JLACH','LACHES (ou GRANDS)');
INSERT into juron values ('JLOGA','LOGARITHME (ESPECE DE)');
INSERT into juron values ('JLUCI','PAR LUCIFER');
INSERT into juron values ('JMACA','MACAQUE');
INSERT into juron values ('JMACR','MACROCEPHALE');
INSERT into juron values ('JMADO','MADONNA (ou PER LA )');
INSERT into juron values ('JMADR','MADRE DE DIOS');
INSERT into juron values ('JMALA','MALADROITS (ou TAS DE)');
INSERT into juron values ('JMALC','STUPIDE MALCHANCE');
INSERT into juron values ('JMALE','MALEDICTION (ou MAUDIT quelque chose ou quelqu un)');
INSERT into juron values ('JMALH','MALHEUREUX - MALHEUR (ou quelque chose de - OU - de malheur)');
INSERT into juron values ('JMALI','GROS MALIN');
INSERT into juron values ('JMALO','MALOTRU');
INSERT into juron values ('JMALP','MALAPPRIS (ou BOUGRE DE)');
INSERT into juron values ('JMAME','MAMELOUK');
INSERT into juron values ('JMAPA','MA PAROLE');
INSERT into juron values ('JMARA','MARAUD');
INSERT into juron values ('JMARC1','MARCHAND DE TAPIS');
INSERT into juron values ('JMARC2','MARCHAND DE GUANO (ou BOUGRE DE ou ESPECE DE)');
INSERT into juron values ('JMARI1','MARINIER (ESPECE DE)');
INSERT into juron values ('JMARI2','MARIN/PIRATE/ASTRONAUTE D EAU DOUCE');
INSERT into juron values ('JMARM','ESPECE DE VIEILLE MARMOTTE');
INSERT into juron values ('JMAUV','MAUVIETTE (ESPECE DE)');
INSERT into juron values ('JMAZE','MAZETTE');
INSERT into juron values ('JMEDI','MEDICASTRE (ESPECE DE)');
INSERT into juron values ('JMEGAC','MEGACYCLE');
INSERT into juron values ('JMEGAL','MEGALOMANE');
INSERT into juron values ('JMEND','MENDIANTS POUILLEUX');
INSERT into juron values ('JMERCA','MERCANTIS');
INSERT into juron values ('JMERCE','MERCENAIRE');
INSERT into juron values ('JMERI','MERINOS (ESPECE DE)');
INSERT into juron values ('JMILL','MILLE SABORDS (ou MILLE MILLIARDS DE ou ...)');
INSERT into juron values ('JMISE','MISERABLE (ou MISERABLE CHIEN)');
INSERT into juron values ('JMOND','MON (ou GRAND) DIEU -MY GOODNESS - PAR ALLAH/BRAHMA - SEIGNEUR');
INSERT into juron values ('JMONS','MONSTRE');
INSERT into juron values ('JMORV','MORVEUX (PETIT)');
INSERT into juron values ('JMOUJ','MOUJIK');
INSERT into juron values ('JMOUL','MOULE A GAUFRES (ou CONCENTRE DE ou ESPECE DE)');
INSERT into juron values ('JMOUS','PAR LES MOUSTACHES DE PLEKSZY-GLADZ');
INSERT into juron values ('JNAUF','NAUFRAGEUR');
INSERT into juron values ('JNEGR','NEGRIER');
INSERT into juron values ('JNOIX','NOIX DE COCO');
INSERT into juron values ('JNYCT','NYCTALOPE');
INSERT into juron values ('JOLIB','OLIBRIUS( ou BOUGRE D ou ESPECE D )');
INSERT into juron values ('JOPHI','OPHICLEÎDE');
INSERT into juron values ('JORNI','ORNITHORYNQUE (ou ESPECE DE PETIT -)');
INSERT into juron values ('JORYC','ORYCTEROPE');
INSERT into juron values ('JOSTR','OSTROGOTH');
INSERT into juron values ('JPALT','PALTOQUET');
INSERT into juron values ('JPANT','PANTOUFLES');
INSERT into juron values ('JPAPO','PAPOUS');
INSERT into juron values ('JPARAN','PARANOIAQUE');
INSERT into juron values ('JPARAS','PARASITE');
INSERT into juron values ('JPARB','PARBLEU');
INSERT into juron values ('JPARE','TAS DE PARESSEUX');
INSERT into juron values ('JPATAG','PATAGONS');
INSERT into juron values ('JPATAP','PATAPOUFS');
INSERT into juron values ('JPERR','PERROQUET BAVARD');
INSERT into juron values ('JPEST','SALE (ou ESPECE DE) PETITE PESTE');
INSERT into juron values ('JPHEN','PHENOMENE (ou BOUGRE DE ou ESPECE DE)');
INSERT into juron values ('JPHLE','PHLEBOTOME');
INSERT into juron values ('JPHYL','PHYLLOXERA');
INSERT into juron values ('JPIGN','PIGNOUF');
INSERT into juron values ('JPIPE','NOM D UNE PIPE');
INSERT into juron values ('JPIRA','PIRATES (ou BANDE DE - ou - DU CIEL)');
INSERT into juron values ('JPLEU','PLEURNICHARDS');
INSERT into juron values ('JPOCH','POCHARDS (LAMENTABLES ou BANDE DE )');
INSERT into juron values ('JPOLI','GROTESQUE POLICHINELLE');
INSERT into juron values ('JPOLY','POLYGRAPHE');
INSERT into juron values ('JPORC','PORC EPIC');
INSERT into juron values ('JPOTE','GIBIER DE POTENCE ou TRAINE POTENCE');
INSERT into juron values ('JPOUS','POUSSIERES');
INSERT into juron values ('JPROF','PROFITEUR');
INSERT into juron values ('JPROT','PROTOZOAIRE');
INSERT into juron values ('JPYROM','PYROMANE');
INSERT into juron values ('JPYROP','PYROPHORE');
INSERT into juron values ('JRAPA','RAPACE');
INSERT into juron values ('JRAVA','RAVACHOL');
INSERT into juron values ('JRENE','RENEGATS');
INSERT into juron values ('JREPT','REPTILE (MISERABLE)');
INSERT into juron values ('JRHIZ','RHIZOPODES');
INSERT into juron values ('JROCA','ROCAMBOLE');
INSERT into juron values ('JSACRE','SACREBLEU');
INSERT into juron values ('JSACRIL','SACRILEGE');
INSERT into juron values ('JSACRIP','SACRIPANT');
INSERT into juron values ('JSACS','SACS A WISKY - SAC A PAPIER');
INSERT into juron values ('JSAJO','SAJOUS');
INSERT into juron values ('JSALT','SALTIMBANQUE');
INSERT into juron values ('JSAMO','MILLE MILLIONS DE SAMOURAIS');
INSERT into juron values ('JSAPA','SAPAJOU (ou VIEUX)');
INSERT into juron values ('JSAPE','SAPERLIPOPETTE');
INSERT into juron values ('JSAPR','SAPRISTI - PRISZTY');
INSERT into juron values ('JSATA','SATANE (GOSSE ou SCAPHANDRE)');
INSERT into juron values ('JSATR','SATRAPE');
INSERT into juron values ('JSATU','PAR LES ANNEAUX DE SATURNE');
INSERT into juron values ('JSAUV','SAUVAGE (ou TAS DE ou BOUGRE DE)');
INSERT into juron values ('JSCEL','SCELERATS');
INSERT into juron values ('JSCHI','SCHIZOPHRENE');
INSERT into juron values ('JSCOL','SCOLOPENDRE');
INSERT into juron values ('JSCOR','SCORPION ');
INSERT into juron values ('JSEMA','SEMAPHORE (ESPECE DE)');
INSERT into juron values ('JSEPT','PAR LE SEPTRE D OTTOKAR');
INSERT into juron values ('JSINA','SINAPISME');
INSERT into juron values ('JSINI','SINISTRE FARCEUR');
INSERT into juron values ('JSOT','GRAND SOT');
INSERT into juron values ('JSOUL','SOULOGRAPHE');
INSERT into juron values ('JTCHO','TCHOUK-TCHOUK NOUGATS');
INSERT into juron values ('JTECH','TECHNOCRATE');
INSERT into juron values ('JTERR','TERRORISTES');
INSERT into juron values ('JTETE','TETE DE MULE (ou ESPECE DE)');
INSERT into juron values ('JTIGR','TIGRESSE (ESPECE DE)');
INSERT into juron values ('JTON1','TONNERRE DE BREST (ou MILLE ou TONNERRE DE ou ...)');
INSERT into juron values ('JTON2','TONNERRE (ou MILLE ou MILLE MILLION DE ou ...)');
INSERT into juron values ('JTONF','PAR LE TONNERRE DU FUSI YAMA');
INSERT into juron values ('JTOPI','TOPINAMBOUR');
INSERT into juron values ('JTORT','TORTIONNAIRE');
INSERT into juron values ('JTRAI','TRAITRES / TRAHISON');
INSERT into juron values ('JTRES','MILLE TRESORS');
INSERT into juron values ('JTRIP','TRIPLE BUSE');
INSERT into juron values ('JTROG','TROGLODYTE');
INSERT into juron values ('JTROM','TROMPE LA MORT');
INSERT into juron values ('JVAMP','VAMPIRE');
INSERT into juron values ('JVAND','VANDALE');
INSERT into juron values ('JVANU','VA-NU-PIEDS');
INSERT into juron values ('JVERMIC','VERMICELLE - VERMICEAU');
INSERT into juron values ('JVERMIN','VERMINE (ou SALE PETITE)');
INSERT into juron values ('JVERS','(MISERABLES) VERS DE TERRE');
INSERT into juron values ('JVIPE','VIPERE (ou MISERABLE PETITE)');
INSERT into juron values ('JVISI','VISIGOTHS');
INSERT into juron values ('JVIVI','VIVISECTIONNISTES');
INSERT into juron values ('JVOLE','VOLEURS (BANDE DE - ou - D ENFANTS)');
INSERT into juron values ('JWLAD','PAR SAINT WLADIMIR');
INSERT into juron values ('JZAPO','ZAPOTHEQUES (BANDE DE)');
INSERT into juron values ('JZEBR','ZEBRE (CE)');
INSERT into juron values ('JZIGO','ZIGOMARS');
INSERT into juron values ('JZOUA','ZOUAVE (ou BOUGRE DE ou ESPECE DE - INTERPLANETAIRE)');
INSERT into juron values ('JZOUL','ZOULOUS');
INSERT into juron values ('JZUT','ZUT');

insert into pays values ('AME','AMERIQUE');
insert into pays values ('ARA','ARABIE');
insert into pays values ('ATL','ATLANTIQUE');
insert into pays values ('BEL','BELGIQUE');
insert into pays values ('BOR','BORDURIE');
insert into pays values ('CHI','CHINE');
insert into pays values ('CON','CONGO');
insert into pays values ('EGY','EGYPTE');
insert into pays values ('FRA','FRANCE');
insert into pays values ('IN1','INDE');
insert into pays values ('IN2','INDONESIE');
insert into pays values ('ISL','ISLANDE');
insert into pays values ('KHE','KHEMED');
insert into pays values ('LUN','LUNE');
insert into pays values ('MAR','MAROC');
insert into pays values ('NEP','NEPAL');
insert into pays values ('NUE','NUEVO RICO');
insert into pays values ('PER','PEROU');
insert into pays values ('ROY','ROYAUME-UNI');
insert into pays values ('SAH','SAHARA');
insert into pays values ('SAN','SAN THEODOROS');
insert into pays values ('SUI','SUISSE');
insert into pays values ('SYL','SYLDAVIE');
insert into pays values ('TIB','TIBET');

insert into personnage values ('PABDA','ABDALLAH',null,'PRINCE','M','Oui');
insert into personnage values ('PAHME','AHMED',null,'COLONEL','M','Non');
insert into personnage values ('PALC1','ALCAZAR',null,'COLONEL','M','Oui');
insert into personnage values ('PALC2','ALCAZAR','PEGGY',null,'F','Oui');
insert into personnage values ('PALCA','AL CAPONE',null,'BANDIT','M','Non');
insert into personnage values ('PALVA','ALVAREZ',null,'COLONEL','M','Non');
insert into personnage values ('PANON','ANONYME',null,null,null,'Non');
insert into personnage values ('PANOO','ANONYME',null,null,null,'Oui');
insert into personnage values ('PBABA','BABAORO M',null,'ROI','M','Non');
insert into personnage values ('PBABE','BAB EL HER',null,'CHEIKH','M','Non');
insert into personnage values ('PBADA','BADA','RAMON','BANDIT','M','Non');
insert into personnage values ('PBATT','BATTELERIE (DE LA)','JEAN LOUP','JOURNALISTE','M','Oui');
insert into personnage values ('PBAXT','BAXTER',null,'DIRECTEUR PROGRAMME LUNAIRE','M','Oui');
insert into personnage values ('PBAZA','BAZAROFF','BASIL','VENDEUR D ARMES','M','Non');
insert into personnage values ('PBENK','BEN KALISH EZAB','MOHAMMED','EMIR','M','Oui');
insert into personnage values ('PBENS','BEN SALAAD','OMAR','TRAFIQUANT','M','Non');
insert into personnage values ('PBERG','BERGAMOTTE','HIPPOLYTE','PROFESSEUR','M','Oui');
insert into personnage values ('PBOHL','BOHLWINKEL',null,'BANQUIER','M','Non');
insert into personnage values ('PBOUL','BOULLU',null,'PLOMBIER','M','Oui');
insert into personnage values ('PCALY','CALYS',null,'PROFESSEUR','M','Oui');
insert into personnage values ('PCANT','CANTONNEAU','PAUL','PROFESSEUR','M','Oui');
insert into personnage values ('PCARR','CARREIDAS','LASZLOS','INDUSTRIEL MILLIARDAIRE','M','Oui');
insert into personnage values ('PCAST','CASTAFIORE','BIANCA','CANTATRICE','F','Oui');
insert into personnage values ('PCHAR','CHARLET','MARC','PROFESSEUR','M','Oui');
insert into personnage values ('PCHES','CHESTER',null,'CAPITAINE','M','Oui');
insert into personnage values ('PCHIC','CHICKLET','R W','VENDEUR D ARME','M','Non');
insert into personnage values ('PCHIQ','CHIQUITO (alias RUPAC INCA HUACO)',null,'INCAS',null,'Non');
insert into personnage values ('PCLAI','CLAIRMONT',null,'CINEASTE','M','Oui');
insert into personnage values ('PCOCO','COCO',null,'ENFANT','M','Oui');
insert into personnage values ('PDAFI','DA FIGUEIRA','OLIVEIRA','COMMERCANT','M','Oui');
insert into personnage values ('PDAWS','DAWSON',null,'CHEF POLICE SHANGAI','M','Non');
insert into personnage values ('PDIAZ','DIAZ',null,'CAPORAL','M','Non');
insert into personnage values ('PDIDI','DIDI',null,'PRINCE','M','Oui');
insert into personnage values ('PDUPD','DUPOND',null,'POLICIER','M','Oui');
insert into personnage values ('PDUPT','DUPONT',null,'POLICIER','M','Oui');
insert into personnage values ('PEZDA','EZDANITOFF','MIK','SAVANT','M','Oui');
insert into personnage values ('PFAKN','UN FAKIR',null,'FAKIR','M','Non');
insert into personnage values ('PFAKO','UN FAKIR',null,'FAKIR','M','Oui');
insert into personnage values ('PFILO','FILOSELLE','ARISTIDE','PICKPOCKET','M','Oui');
insert into personnage values ('PFOUD','FOUDRE BENIE',null,'LAMAS','M','Oui');
insert into personnage values ('PGIBB','GIBBONS',null,'HOMME D AL CAPONE','M','Non');
insert into personnage values ('PHAD2','HADDOCK (de)','FRANCOIS','CAPITAINE','M','Oui');
insert into personnage values ('PHADD','HADDOCK','ARCHIBALD','CAPITAINE','M','Oui');
insert into personnage values ('PHALAA','HALAMBIQUE','ALFRED','BANDIT','M','Non');
insert into personnage values ('PHALAN','HALAMBIQUE','NESTOR','SIGILLOGRAPHE','M','Oui');
insert into personnage values ('PHORN','HORNET',null,'PROFESSEUR','M','Oui');
insert into personnage values ('PHUAS','HUASCAR',null,'GRAND PRETRE INCAS','M','Oui');
insert into personnage values ('PIRMA','IRMA','IRMA','CAMERISTE','F','Oui');
insert into personnage values ('PJENG','JEN-GHIE','WANG','COMMERCANT','M','Oui');
insert into personnage values ('PJORG','JORGEN','BORIS','COLONEL','M','Non');
insert into personnage values ('PKROL','KROLLSPELL',null,'MEDECIN','M','Non');
insert into personnage values ('PLAMP','LAMPION','SERAPHIN','ASSUREUR','M','Oui');
insert into personnage values ('PLAUB','LAUBEPIN',null,'PROFESSEUR','M','Oui');
insert into personnage values ('PLIKI','LI KIN','TCHENG','COMMERCANT','M','Oui');
insert into personnage values ('PLOIS','LOISEAU','MAXIME ET GUSTAVE','ANTIQUAIRES','M','Non');
insert into personnage values ('PMAHA','DE RAWHAJPOUTLALAH',null,'MAHARADJAH','M','Oui');
insert into personnage values ('PMIAR','MIARKA',null,'ENFANT','F','Oui');
insert into personnage values ('PMILL','MILLER',null,'HOMME DE MAIN','M','Non');
insert into personnage values ('PMILO','MILOU',null,'CHIEN FIDELE','M','Oui');
insert into personnage values ('PMITS','MITSUHIRATO',null,'BANDIT','M','Non');
insert into personnage values ('PMUGA','MUGANGA',null,'SORCIER','M','Non');
insert into personnage values ('PMULL','MULLER',null,'DOCTEUR','M','Non');
insert into personnage values ('PMUSK','MUSKAR XII',null,'ROI','M','Oui');
insert into personnage values ('PMUSS','MUSSTLER',null,'AIDE DE CAMP','M','Non');
insert into personnage values ('PNEST','NESTOR','NESTOR','MAJORDOME','M','Oui');
insert into personnage values ('PNOBL','NOBLE FILS DU SOLEIL',null,'ROI INCAS','M','Oui');
insert into personnage values ('PPABL','PABLO',null,'HOMME DE MAIN','M','Non');
insert into personnage values ('PPACH','PACHA','MULL','BANDIT','M','Non');
insert into personnage values ('PPATR','PATRASH PASHA',null,'CHEIKH','M','Oui');
insert into personnage values ('PPERE','PEREZ','ALONZO','BANDIT','M','Non');
insert into personnage values ('PPERR','PERROQUETS',null,'PERROQUET',null,'Oui');
insert into personnage values ('PPHIL','PHILIPPULUS',null,'PREDICATEUR','M','Oui');
insert into personnage values ('PRACK','RACKHAM LE ROUGE',null,'PIRATE','M','Non');
insert into personnage values ('PRANK','RANKO',null,'GORILLE','M','Oui');
insert into personnage values ('PRASC','RASCAR CAPAC',null,'Momie roi Inca','M','Oui');
insert into personnage values ('PRAST','RASTAPOPOULOS (alias DI GORGONZOLA)','ROBERTO','MILLIARDAIRE','M','Non');
insert into personnage values ('PRIGD','RIGDEWELL',null,'EXPLORATEUR','M','Oui');
insert into personnage values ('PRIZO','RIZOTTO','WALTER','JOURNALISTE','M','Oui');
insert into personnage values ('PSAND','SANDERS',null,'PROFESSEUR','M','Oui');
insert into personnage values ('PSANZ','SANZOT',null,'BOUCHERIE','M','Oui');insert into personnage values ('PSICL','SICLONE','PHILEMON','EGYPTHOLOGUE','M','Oui');
insert into personnage values ('PSMIL','SMILES','BOBBY','BANDIT','M','Non');
insert into personnage values ('PSPAL','SPALDING',null,'SECRETAIRE','M','Non');
insert into personnage values ('PSPON','SPONSZ (alias ESPONJA)',null,'COLONEL','M','Non');
insert into personnage values ('PSZPR','SZPRINKOTH','STEPHEN','ESPION' ,'M','Non');
insert into personnage values ('PSZUT','SZUT','PIOTR','PILOTE D AVION','M','Oui');
insert into personnage values ('PTAPI','TAPIOCA',null,'GENERAL','M','Non');
insert into personnage values ('PTAUP','TAUPE AU REGARD PERCANT',null,'CHEF INDIEN','M','Oui');
insert into personnage values ('PTCHO','TCHONG-JEN','TCHANG','ENFANT','M','Oui');
insert into personnage values ('PTHAR','THARKEY',null,'GUIDE','M','Oui');
insert into personnage values ('PTHOM','THOMSON','ALLAN','HOMME DE MAIN','M','Non');
insert into personnage values ('PTINT','TINTIN',null,'REPORTER','M','Oui');
insert into personnage values ('PTOM','TOM',null,'HOMME DE MAIN','M','Non');
insert into personnage values ('PTOPO','TOPOLINO','ALFRED','PROFESSEUR','M','Oui');
insert into personnage values ('PTORT','TORTILLA','RODRIGO','BANDIT','M','Non');
insert into personnage values ('PTOUR','TOURNESOL','TRIPHON','SAVANT','M','Oui');
insert into personnage values ('PWAGN','WAGNER','IGOR','PIANISTE','M','Oui');
insert into personnage values ('PWOLF','WOLFF','FRANK','SAVANT','M','Oui');
insert into personnage values ('PYETI','YETI',null,'MONSTRE','M','Oui');
insert into personnage values ('PZORR','ZORRINO',null,'ENFANT','M','Oui');

insert into prononcer values ('A1','PANON','JBAND',38);
insert into prononcer values ('A1','PANOO','JSACRIL',27);
insert into prononcer values ('A1','PBABA','JMALE',30);
insert into prononcer values ('A1','PMILO','JANIM',2);
insert into prononcer values ('A1','PMILO','JDIAB',2);
insert into prononcer values ('A1','PMILO','JDIAB',22);
insert into prononcer values ('A1','PMILO','JHORR',5);
insert into prononcer values ('A1','PMILO','JMALE',34);
insert into prononcer values ('A1','PMILO','JMAPA',56);
insert into prononcer values ('A1','PMILO','JMOND',22);
insert into prononcer values ('A1','PMILO','JPARE',20);
insert into prononcer values ('A1','PMILO','JSAPR',1);
insert into prononcer values ('A1','PMILO','JSAPR',55);
insert into prononcer values ('A1','PMILO','JZUT',1);
insert into prononcer values ('A1','PMUGA','JHORR',25);
insert into prononcer values ('A1','PMUGA','JMALH',25);
insert into prononcer values ('A1','PMUGA','JSACRIL',25);
insert into prononcer values ('A1','PTINT','JBAND',43);
insert into prononcer values ('A1','PTINT','JDIAB',40);
insert into prononcer values ('A1','PTINT','JDIAB',54);
insert into prononcer values ('A1','PTINT','JDIAB',57);
insert into prononcer values ('A1','PTINT','JFORB',42);
insert into prononcer values ('A1','PTINT','JGAIL',18);
insert into prononcer values ('A1','PTINT','JHORR',19);
insert into prononcer values ('A1','PTINT','JHORR',43);
insert into prononcer values ('A1','PTINT','JMALH',3);
insert into prononcer values ('A1','PTINT','JMALH',17);
insert into prononcer values ('A1','PTINT','JMALH',38);
insert into prononcer values ('A1','PTINT','JMAPA',49);
insert into prononcer values ('A1','PTINT','JMISE',33);
insert into prononcer values ('A1','PTINT','JMOND',14);
insert into prononcer values ('A1','PTINT','JMOND',19);
insert into prononcer values ('A1','PTINT','JMOND',23);
insert into prononcer values ('A1','PTINT','JMOND',34);
insert into prononcer values ('A1','PTINT','JMOND',41);
insert into prononcer values ('A1','PTINT','JMOND',42);
insert into prononcer values ('A1','PTINT','JMOND',49);
insert into prononcer values ('A1','PTINT','JMOND',59);
insert into prononcer values ('A1','PTINT','JSAPR',31);
insert into prononcer values ('A1','PTINT','JSAPR',39);
insert into prononcer values ('A1','PTINT','JSAPR',49);
insert into prononcer values ('A1','PTINT','JSAPR',54);
insert into prononcer values ('A1','PTINT','JSAPR',56);
insert into prononcer values ('A1','PTINT','JSOT',4);
insert into prononcer values ('A1','PTINT','JTON2',46);
insert into prononcer values ('A1','PTINT','JTON2',47);
insert into prononcer values ('A1','PTINT','JZEBR',49);
insert into prononcer values ('A1','PTINT','JZUT',13);
insert into prononcer values ('A1','PTINT','JZUT',15);
insert into prononcer values ('A1','PTINT','JZUT',55);
insert into prononcer values ('A1','PTOM','JFREL',47);
insert into prononcer values ('A1','PTOM','JGAIL',43);
insert into prononcer values ('A1','PTOM','JMALE',30);
insert into prononcer values ('A1','PTOM','JSAPR',5);
insert into prononcer values ('A10','PANON','JZUT',35);
insert into prononcer values ('A10','PANOO','JMOND',28);
insert into prononcer values ('A10','PDUPD','JGRED',32);
insert into prononcer values ('A10','PDUPD','JMAPA',34);
insert into prononcer values ('A10','PDUPD','JMISE',10);
insert into prononcer values ('A10','PDUPT','JCOQU',32);
insert into prononcer values ('A10','PDUPT','JPIPE',10);
insert into prononcer values ('A10','PDUPT','JSAPR',10);
insert into prononcer values ('A10','PDUPT','JSAPR',29);
insert into prononcer values ('A10','PDUPT','JSAPR',60);
insert into prononcer values ('A10','PHAD2','J13',23);
insert into prononcer values ('A10','PHAD2','JANTH',24);
insert into prononcer values ('A10','PHAD2','JCACH',24);
insert into prononcer values ('A10','PHAD2','JCARN',24);
insert into prononcer values ('A10','PHAD2','JCORNI',20);
insert into prononcer values ('A10','PHAD2','JMARI2',24);
insert into prononcer values ('A10','PHAD2','JMOUL',20);
insert into prononcer values ('A10','PHAD2','JPERR',24);
insert into prononcer values ('A10','PHAD2','JSINA',20);
insert into prononcer values ('A10','PHAD2','JTON1',16);
insert into prononcer values ('A10','PHADD','JBACH',56);
insert into prononcer values ('A10','PHADD','JBAND',31);
insert into prononcer values ('A10','PHADD','JBAND',54);
insert into prononcer values ('A10','PHADD','JBOIT',53);
insert into prononcer values ('A10','PHADD','JCATAP',54);
insert into prononcer values ('A10','PHADD','JCERC',57);
insert into prononcer values ('A10','PHADD','JCHEN',19);
insert into prononcer values ('A10','PHADD','JCLOP',19);
insert into prononcer values ('A10','PHADD','JCLOP',29);
insert into prononcer values ('A10','PHADD','JCOLE',29);
insert into prononcer values ('A10','PHADD','JCOLO',29);
insert into prononcer values ('A10','PHADD','JCORNE',14);
insert into prononcer values ('A10','PHADD','JCORNI',14);
insert into prononcer values ('A10','PHADD','JCORNI',20);
insert into prononcer values ('A10','PHADD','JCYCLON',56);
insert into prononcer values ('A10','PHADD','JECOR',54);
insert into prononcer values ('A10','PHADD','JECRA',56);
insert into prononcer values ('A10','PHADD','JEMPL',29);
insert into prononcer values ('A10','PHADD','JFLIB',14);
insert into prononcer values ('A10','PHADD','JFORB',14);
insert into prononcer values ('A10','PHADD','JFORB',19);
insert into prononcer values ('A10','PHADD','JGANG',31);
insert into prononcer values ('A10','PHADD','JGARG',29);
insert into prononcer values ('A10','PHADD','JGRED',31);
insert into prononcer values ('A10','PHADD','JLACH',20);
insert into prononcer values ('A10','PHADD','JMERCE',14);
insert into prononcer values ('A10','PHADD','JMILL',60);
insert into prononcer values ('A10','PHADD','JNEGR',29);
insert into prononcer values ('A10','PHADD','JPHYL',29);
insert into prononcer values ('A10','PHADD','JPIRA',14);
insert into prononcer values ('A10','PHADD','JPIRA',53);
insert into prononcer values ('A10','PHADD','JPOTE',14);
insert into prononcer values ('A10','PHADD','JPYROP',29);
insert into prononcer values ('A10','PHADD','JSACRIP',53);
insert into prononcer values ('A10','PHADD','JSAPA',14);
insert into prononcer values ('A10','PHADD','JSAPA',29);
insert into prononcer values ('A10','PHADD','JSAPA',54);
insert into prononcer values ('A10','PHADD','JSCOL',20);
insert into prononcer values ('A10','PHADD','JTON1',5);
insert into prononcer values ('A10','PHADD','JTON1',28);
insert into prononcer values ('A10','PHADD','JTON1',45);
insert into prononcer values ('A10','PHADD','JTON1',61);
insert into prononcer values ('A10','PHADD','JTOPI',29);
insert into prononcer values ('A10','PHADD','JVANU',20);
insert into prononcer values ('A10','PHADD','JVERMIC',29);
insert into prononcer values ('A10','PHADD','JVERMIN',19);
insert into prononcer values ('A10','PHADD','JVERS',29);
insert into prononcer values ('A10','PHADD','JZIGO',29);
insert into prononcer values ('A10','PHADD','JZUT',46);
insert into prononcer values ('A10','PHADD','JZUT',61);
insert into prononcer values ('A10','PLOIS','JAUNO',51);
insert into prononcer values ('A10','PLOIS','JCANAI',47);
insert into prononcer values ('A10','PLOIS','JGRED',44);
insert into prononcer values ('A10','PLOIS','JIMBE',47);
insert into prononcer values ('A10','PLOIS','JIMBE',51);
insert into prononcer values ('A10','PLOIS','JTON2',40);
insert into prononcer values ('A10','PLOIS','JTON2',41);
insert into prononcer values ('A10','PLOIS','JTON2',47);
insert into prononcer values ('A10','PLOIS','JTON2',61);
insert into prononcer values ('A10','PLOIS','JZUT',42);
insert into prononcer values ('A10','PNEST','JBONS',51);
insert into prononcer values ('A10','PNEST','JMOND',52);
insert into prononcer values ('A10','PNEST','JSAPR',52);
insert into prononcer values ('A10','PRACK','JCHIE',24);
insert into prononcer values ('A10','PRACK','JLUCI',24);
insert into prononcer values ('A10','PRACK','JPORC',24);
insert into prononcer values ('A10','PTINT','JAUNO',14);
insert into prononcer values ('A10','PTINT','JBAND',9);
insert into prononcer values ('A10','PTINT','JBAND',37);
insert into prononcer values ('A10','PTINT','JBOUG',58);
insert into prononcer values ('A10','PTINT','JCANAI',50);
insert into prononcer values ('A10','PTINT','JMOND',10);
insert into prononcer values ('A10','PTINT','JMOND',11);
insert into prononcer values ('A10','PTINT','JMOND',53);
insert into prononcer values ('A10','PTINT','JSAPE',6);
insert into prononcer values ('A10','PTINT','JSAPE',58);
insert into prononcer values ('A10','PTINT','JSAPR',31);
insert into prononcer values ('A10','PTINT','JSAPR',48);
insert into prononcer values ('A10','PTINT','JTON2',46);
insert into prononcer values ('A11','PDUPD','JBRUT',4);
insert into prononcer values ('A11','PDUPT','JBRUT',4);
insert into prononcer values ('A11','PHADD','JANAL',20);
insert into prononcer values ('A11','PHADD','JANAL',52);
insert into prononcer values ('A11','PHADD','JBABO',30);
insert into prononcer values ('A11','PHADD','JBACH',7);
insert into prononcer values ('A11','PHADD','JBACH',43);
insert into prononcer values ('A11','PHADD','JBAND',30);
insert into prononcer values ('A11','PHADD','JCANAQ',29);
insert into prononcer values ('A11','PHADD','JCANN',29);
insert into prononcer values ('A11','PHADD','JCARN',4);
insert into prononcer values ('A11','PHADD','JCERC',30);
insert into prononcer values ('A11','PHADD','JCOQU',29);
insert into prononcer values ('A11','PHADD','JCRETA',41);
insert into prononcer values ('A11','PHADD','JCRETI',20);
insert into prononcer values ('A11','PHADD','JECTO',28);
insert into prononcer values ('A11','PHADD','JECTO',43);
insert into prononcer values ('A11','PHADD','JEMPL',43);
insert into prononcer values ('A11','PHADD','JENFE',18);
insert into prononcer values ('A11','PHADD','JICON',29);
insert into prononcer values ('A11','PHADD','JKHRO',45);
insert into prononcer values ('A11','PHADD','JMACA',30);
insert into prononcer values ('A11','PHADD','JMARI2',4);
insert into prononcer values ('A11','PHADD','JMARI2',43);
insert into prononcer values ('A11','PHADD','JMILL',2);
insert into prononcer values ('A11','PHADD','JMILL',3);
insert into prononcer values ('A11','PHADD','JMILL',7);
insert into prononcer values ('A11','PHADD','JMILL',9);
insert into prononcer values ('A11','PHADD','JMILL',11);
insert into prononcer values ('A11','PHADD','JMILL',12);
insert into prononcer values ('A11','PHADD','JMILL',16);
insert into prononcer values ('A11','PHADD','JMILL',17);
insert into prononcer values ('A11','PHADD','JMILL',18);
insert into prononcer values ('A11','PHADD','JMILL',19);
insert into prononcer values ('A11','PHADD','JMILL',20);
insert into prononcer values ('A11','PHADD','JMILL',23);
insert into prononcer values ('A11','PHADD','JMILL',27);
insert into prononcer values ('A11','PHADD','JMILL',29);
insert into prononcer values ('A11','PHADD','JMILL',30);
insert into prononcer values ('A11','PHADD','JMILL',37);
insert into prononcer values ('A11','PHADD','JMILL',41);
insert into prononcer values ('A11','PHADD','JMILL',42);
insert into prononcer values ('A11','PHADD','JMILL',43);
insert into prononcer values ('A11','PHADD','JMILL',47);
insert into prononcer values ('A11','PHADD','JMILL',48);
insert into prononcer values ('A11','PHADD','JMILL',49);
insert into prononcer values ('A11','PHADD','JMILL',51);
insert into prononcer values ('A11','PHADD','JMILL',52);
insert into prononcer values ('A11','PHADD','JMILL',53);
insert into prononcer values ('A11','PHADD','JMILL',58);
insert into prononcer values ('A11','PHADD','JMILL',62);
insert into prononcer values ('A11','PHADD','JMOUL',28);
insert into prononcer values ('A11','PHADD','JSAJO',30);
insert into prononcer values ('A11','PHADD','JTRES',61);
insert into prononcer values ('A11','PHADD','JZUT',27);
insert into prononcer values ('A11','PPERR','J13',28);
insert into prononcer values ('A11','PPERR','JANTH',28);
insert into prononcer values ('A11','PPERR','JBOIT',29);
insert into prononcer values ('A11','PPERR','JCORNI',29);
insert into prononcer values ('A11','PPERR','JCORNI',43);
insert into prononcer values ('A11','PPERR','JFROU',29);
insert into prononcer values ('A11','PPERR','JMARA',29);
insert into prononcer values ('A11','PPERR','JMARI2',29);
insert into prononcer values ('A11','PPERR','JMOUL',28);
insert into prononcer values ('A11','PPERR','JMOUL',29);
insert into prononcer values ('A11','PPERR','JMOUL',51);
insert into prononcer values ('A11','PPERR','JPALT',29);
insert into prononcer values ('A11','PTINT','JBOUG',54);
insert into prononcer values ('A11','PTINT','JGRED',14);
insert into prononcer values ('A11','PTINT','JGRED',15);
insert into prononcer values ('A11','PTINT','JMAPA',16);
insert into prononcer values ('A11','PTINT','JMAPA',19);
insert into prononcer values ('A11','PTINT','JMAPA',28);
insert into prononcer values ('A11','PTOUR','JMALH',35);
insert into prononcer values ('A11','PTOUR','JMAPA',55);
insert into prononcer values ('A12','PALC1','JCARA',13);
insert into prononcer values ('A12','PALC1','JCARA',57);
insert into prononcer values ('A12','PANOO','JCANAI',45);
insert into prononcer values ('A12','PBERG','JMOND',31);
insert into prononcer values ('A12','PCHAR','JTON2',19);
insert into prononcer values ('A12','PDUPD','JSAPR',23);
insert into prononcer values ('A12','PDUPT','JMOND',24);
insert into prononcer values ('A12','PHADD','JANAL',43);
insert into prononcer values ('A12','PHADD','JANAL',58);
insert into prononcer values ('A12','PHADD','JBACH',47);
insert into prononcer values ('A12','PHADD','JBAND',48);
insert into prononcer values ('A12','PHADD','JBAND',55);
insert into prononcer values ('A12','PHADD','JBAND',59);
insert into prononcer values ('A12','PHADD','JBRUT',45);
insert into prononcer values ('A12','PHADD','JBRUT',55);
insert into prononcer values ('A12','PHADD','JCANAI',45);
insert into prononcer values ('A12','PHADD','JCANAQ',47);
insert into prononcer values ('A12','PHADD','JCHAU',55);
insert into prononcer values ('A12','PHADD','JCORNI',43);
insert into prononcer values ('A12','PHADD','JCORNI',55);
insert into prononcer values ('A12','PHADD','JCRETI',58);
insert into prononcer values ('A12','PHADD','JDIAB',26);
insert into prononcer values ('A12','PHADD','JECRA',55);
insert into prononcer values ('A12','PHADD','JECTO',43);
insert into prononcer values ('A12','PHADD','JECTO',58);
insert into prononcer values ('A12','PHADD','JGARN',59);
insert into prononcer values ('A12','PHADD','JGRED',43);
insert into prononcer values ('A12','PHADD','JICON',59);
insert into prononcer values ('A12','PHADD','JMILL',6);
insert into prononcer values ('A12','PHADD','JMILL',7);
insert into prononcer values ('A12','PHADD','JMILL',14);
insert into prononcer values ('A12','PHADD','JMILL',27);
insert into prononcer values ('A12','PHADD','JMILL',29);
insert into prononcer values ('A12','PHADD','JMILL',34);
insert into prononcer values ('A12','PHADD','JMILL',38);
insert into prononcer values ('A12','PHADD','JMILL',42);
insert into prononcer values ('A12','PHADD','JMILL',48);
insert into prononcer values ('A12','PHADD','JMILL',51);
insert into prononcer values ('A12','PHADD','JMILL',54);
insert into prononcer values ('A12','PHADD','JMILL',58);
insert into prononcer values ('A12','PHADD','JMOUL',55);
insert into prononcer values ('A12','PHADD','JMOUL',58);
insert into prononcer values ('A12','PHADD','JNYCT',55);
insert into prononcer values ('A12','PHADD','JPARB',41);
insert into prononcer values ('A12','PHADD','JPIRA',47);
insert into prononcer values ('A12','PHADD','JPROT',45);
insert into prononcer values ('A12','PHADD','JSALT',55);
insert into prononcer values ('A12','PHADD','JSAPR',27);
insert into prononcer values ('A12','PHADD','JSAUV',43);
insert into prononcer values ('A12','PHADD','JSAUV',45);
insert into prononcer values ('A12','PHADD','JTON1',6);
insert into prononcer values ('A12','PHADD','JTON1',7);
insert into prononcer values ('A12','PHADD','JTON1',14);
insert into prononcer values ('A12','PHADD','JTON1',29);
insert into prononcer values ('A12','PHADD','JTON1',34);
insert into prononcer values ('A12','PHADD','JTON1',35);
insert into prononcer values ('A12','PHADD','JTON1',47);
insert into prononcer values ('A12','PHADD','JTON1',50);
insert into prononcer values ('A12','PHADD','JTON1',51);
insert into prononcer values ('A12','PHADD','JTON1',54);
insert into prononcer values ('A12','PHADD','JTON1',55);
insert into prononcer values ('A12','PHADD','JTON1',59);
insert into prononcer values ('A12','PHADD','JTON1',62);
insert into prononcer values ('A12','PHADD','JTON2',7);
insert into prononcer values ('A12','PHADD','JTON2',27);
insert into prononcer values ('A12','PHADD','JVAMP',45);
insert into prononcer values ('A12','PHADD','JVANU',43);
insert into prononcer values ('A12','PHADD','JZOUL',55);
insert into prononcer values ('A12','PHORN','JSAPR',22);
insert into prononcer values ('A12','PTINT','JAUNO',7);
insert into prononcer values ('A12','PTINT','JMAPA',60);
insert into prononcer values ('A12','PTINT','JMISE',5);
insert into prononcer values ('A12','PTINT','JMOND',33);
insert into prononcer values ('A12','PTINT','JSAPE',20);
insert into prononcer values ('A12','PTINT','JSAPE',50);
insert into prononcer values ('A12','PTINT','JSAPR',11);
insert into prononcer values ('A12','PTINT','JSAPR',37);
insert into prononcer values ('A12','PTINT','JSAPR',56);
insert into prononcer values ('A12','PTINT','JSAPR',60);
insert into prononcer values ('A12','PTINT','JTETE',60);
insert into prononcer values ('A12','PTOUR','JSAPR',40);
insert into prononcer values ('A13','PANON','JCANAI',19);
insert into prononcer values ('A13','PANON','JVERMIN',19);
insert into prononcer values ('A13','PCHIQ','JCANAI',8);
insert into prononcer values ('A13','PDUPD','JSAPE',11);
insert into prononcer values ('A13','PDUPT','JSAPR',4);
insert into prononcer values ('A13','PHADD','J10',32);
insert into prononcer values ('A13','PHADD','J11',38);
insert into prononcer values ('A13','PHADD','J12',49);
insert into prononcer values ('A13','PHADD','J13',61);
insert into prononcer values ('A13','PHADD','J9',30);
insert into prononcer values ('A13','PHADD','JANTH',36);
insert into prononcer values ('A13','PHADD','JANTH',47);
insert into prononcer values ('A13','PHADD','JAUNO',28);
insert into prononcer values ('A13','PHADD','JAUNO',52);
insert into prononcer values ('A13','PHADD','JBACH',33);
insert into prononcer values ('A13','PHADD','JBAND',24);
insert into prononcer values ('A13','PHADD','JBETE',2);
insert into prononcer values ('A13','PHADD','JBETE',35);
insert into prononcer values ('A13','PHADD','JBETE',38);
insert into prononcer values ('A13','PHADD','JBETE',39);
insert into prononcer values ('A13','PHADD','JBONS',44);
insert into prononcer values ('A13','PHADD','JBONS',55);
insert into prononcer values ('A13','PHADD','JCANAI',33);
insert into prononcer values ('A13','PHADD','JCANAQ',18);
insert into prononcer values ('A13','PHADD','JCORNI',9);
insert into prononcer values ('A13','PHADD','JCORNI',48);
insert into prononcer values ('A13','PHADD','JDORY',30);
insert into prononcer values ('A13','PHADD','JDORY',48);
insert into prononcer values ('A13','PHADD','JECTO',48);
insert into prononcer values ('A13','PHADD','JFLIB',24);
insert into prononcer values ('A13','PHADD','JFLIB',33);
insert into prononcer values ('A13','PHADD','JICON',9);
insert into prononcer values ('A13','PHADD','JICON',21);
insert into prononcer values ('A13','PHADD','JLACH',48);
insert into prononcer values ('A13','PHADD','JMAPA',29);
insert into prononcer values ('A13','PHADD','JMARC1',33);
insert into prononcer values ('A13','PHADD','JMARC2',9);
insert into prononcer values ('A13','PHADD','JMILL',4);
insert into prononcer values ('A13','PHADD','JMILL',5);
insert into prononcer values ('A13','PHADD','JMILL',9);
insert into prononcer values ('A13','PHADD','JMILL',10);
insert into prononcer values ('A13','PHADD','JMILL',14);
insert into prononcer values ('A13','PHADD','JMILL',20);
insert into prononcer values ('A13','PHADD','JMILL',22);
insert into prononcer values ('A13','PHADD','JMILL',29);
insert into prononcer values ('A13','PHADD','JMILL',30);
insert into prononcer values ('A13','PHADD','JMILL',32);
insert into prononcer values ('A13','PHADD','JMILL',34);
insert into prononcer values ('A13','PHADD','JMILL',35);
insert into prononcer values ('A13','PHADD','JMILL',36);
insert into prononcer values ('A13','PHADD','JMILL',37);
insert into prononcer values ('A13','PHADD','JMILL',40);
insert into prononcer values ('A13','PHADD','JMILL',43);
insert into prononcer values ('A13','PHADD','JMILL',46);
insert into prononcer values ('A13','PHADD','JMILL',49);
insert into prononcer values ('A13','PHADD','JMILL',51);
insert into prononcer values ('A13','PHADD','JMILL',54);
insert into prononcer values ('A13','PHADD','JMILL',55);
insert into prononcer values ('A13','PHADD','JMILL',61);
insert into prononcer values ('A13','PHADD','JMOND',42);
insert into prononcer values ('A13','PHADD','JMOND',45);
insert into prononcer values ('A13','PHADD','JMOUL',30);
insert into prononcer values ('A13','PHADD','JMOUL',47);
insert into prononcer values ('A13','PHADD','JPATAG',33);
insert into prononcer values ('A13','PHADD','JPHEN',32);
insert into prononcer values ('A13','PHADD','JPIRA',9);
insert into prononcer values ('A13','PHADD','JPIRA',24);
insert into prononcer values ('A13','PHADD','JPIRA',30);
insert into prononcer values ('A13','PHADD','JPOUS',47);
insert into prononcer values ('A13','PHADD','JSACRIP',12);
insert into prononcer values ('A13','PHADD','JSAPE',5);
insert into prononcer values ('A13','PHADD','JSAUV',9);
insert into prononcer values ('A13','PHADD','JSAUV',50);
insert into prononcer values ('A13','PHADD','JTCHO',33);
insert into prononcer values ('A13','PHADD','JTERR',48);
insert into prononcer values ('A13','PHADD','JTON1',2);
insert into prononcer values ('A13','PHADD','JTON1',3);
insert into prononcer values ('A13','PHADD','JTON1',5);
insert into prononcer values ('A13','PHADD','JTON1',6);
insert into prononcer values ('A13','PHADD','JTON1',9);
insert into prononcer values ('A13','PHADD','JTON1',10);
insert into prononcer values ('A13','PHADD','JTON1',12);
insert into prononcer values ('A13','PHADD','JTON1',18);
insert into prononcer values ('A13','PHADD','JTON1',21);
insert into prononcer values ('A13','PHADD','JTON1',24);
insert into prononcer values ('A13','PHADD','JTON1',28);
insert into prononcer values ('A13','PHADD','JTON1',29);
insert into prononcer values ('A13','PHADD','JTON1',32);
insert into prononcer values ('A13','PHADD','JTON1',35);
insert into prononcer values ('A13','PHADD','JTON1',36);
insert into prononcer values ('A13','PHADD','JTON1',39);
insert into prononcer values ('A13','PHADD','JTON1',40);
insert into prononcer values ('A13','PHADD','JTON1',49);
insert into prononcer values ('A13','PHADD','JTON1',50);
insert into prononcer values ('A13','PHADD','JTON1',54);
insert into prononcer values ('A13','PHADD','JTON1',55);
insert into prononcer values ('A13','PHADD','JTON1',61);
insert into prononcer values ('A13','PHADD','JTON2',29);
insert into prononcer values ('A13','PHADD','JVANU',47);
insert into prononcer values ('A13','PHADD','JZAPO',33);
insert into prononcer values ('A13','PHADD','JZAPO',47);
insert into prononcer values ('A13','PHADD','JZOUA',32);
insert into prononcer values ('A13','PHADD','JZOUA',36);
insert into prononcer values ('A13','PHADD','JZUT',26);
insert into prononcer values ('A13','PNOBL','JCHIE',49);
insert into prononcer values ('A13','PNOBL','JCHIE',58);
insert into prononcer values ('A13','PNOBL','JVIPE',49);
insert into prononcer values ('A13','PTINT','JAUNO',24);
insert into prononcer values ('A13','PTINT','JAUNO',41);
insert into prononcer values ('A13','PTINT','JBRUT',18);
insert into prononcer values ('A13','PTINT','JDIAB',41);
insert into prononcer values ('A13','PTINT','JMOND',14);
insert into prononcer values ('A13','PTINT','JMOND',31);
insert into prononcer values ('A13','PTINT','JMOND',43);
insert into prononcer values ('A13','PTINT','JSAPE',52);
insert into prononcer values ('A13','PTINT','JSAPR',7);
insert into prononcer values ('A13','PTINT','JSAPR',10);
insert into prononcer values ('A13','PTINT','JSAPR',31);
insert into prononcer values ('A13','PTINT','JSAPR',45);
insert into prononcer values ('A13','PTINT','JSAPR',46);
insert into prononcer values ('A13','PTINT','JSAPR',48);
insert into prononcer values ('A13','PTINT','JZUT',8);
insert into prononcer values ('A13','PTINT','JZUT',14);
insert into prononcer values ('A14','PABDA','JBARB',58);
insert into prononcer values ('A14','PABDA','JTON1',59);
insert into prononcer values ('A14','PABDA','JTON1',60);
insert into prononcer values ('A14','PABDA','JTON1',61);
insert into prononcer values ('A14','PANON','JMALE',21);
insert into prononcer values ('A14','PANON','JMAPA',8);
insert into prononcer values ('A14','PANOO','JBETE',11);
insert into prononcer values ('A14','PBABE','JCHIE',17);
insert into prononcer values ('A14','PBENK','J14',38);
insert into prononcer values ('A14','PBENK','J15',38);
insert into prononcer values ('A14','PBENK','J7',38);
insert into prononcer values ('A14','PBENK','JCHIE',38);
insert into prononcer values ('A14','PBENK','JMOND',37);
insert into prononcer values ('A14','PBENK','JREPT',61);
insert into prononcer values ('A14','PDUPD','JBRUT',8);
insert into prononcer values ('A14','PDUPD','JSAPE',30);
insert into prononcer values ('A14','PDUPD','JZUT',19);
insert into prononcer values ('A14','PDUPT','JSAPE',19);
insert into prononcer values ('A14','PDUPT','JSAPE',30);
insert into prononcer values ('A14','PDUPT','JSAPE',33);
insert into prononcer values ('A14','PDUPT','JZUT',19);
insert into prononcer values ('A14','PHADD','JANAC',57);
insert into prononcer values ('A14','PHADD','JBACH',57);
insert into prononcer values ('A14','PHADD','JBRUT',57);
insert into prononcer values ('A14','PHADD','JCORNI',58);
insert into prononcer values ('A14','PHADD','JECTO',57);
insert into prononcer values ('A14','PHADD','JMILL',60);
insert into prononcer values ('A14','PHADD','JMILL',61);
insert into prononcer values ('A14','PHADD','JMILL',62);
insert into prononcer values ('A14','PHADD','JOLIB',62);
insert into prononcer values ('A14','PHADD','JORNI',58);
insert into prononcer values ('A14','PHADD','JORYC',57);
insert into prononcer values ('A14','PHADD','JPIRA',57);
insert into prononcer values ('A14','PHADD','JTON1',58);
insert into prononcer values ('A14','PHADD','JTON1',59);
insert into prononcer values ('A14','PHADD','JTON1',62);
insert into prononcer values ('A14','PHADD','JVOLE',57);
insert into prononcer values ('A14','PMULL','JBETE',46);
insert into prononcer values ('A14','PMULL','JBONS',28);
insert into prononcer values ('A14','PMULL','JPEST',45);
insert into prononcer values ('A14','PMULL','JTON2',27);
insert into prononcer values ('A14','PMULL','JTON2',28);
insert into prononcer values ('A14','PMULL','JTON2',46);
insert into prononcer values ('A14','PMULL','JTON2',59);
insert into prononcer values ('A14','PTINT','JAUNO',59);
insert into prononcer values ('A14','PTINT','JBAND',23);
insert into prononcer values ('A14','PTINT','JBRUT',11);
insert into prononcer values ('A14','PTINT','JDEGR',40);
insert into prononcer values ('A14','PTINT','JDEGR',52);
insert into prononcer values ('A14','PTINT','JFORB',35);
insert into prononcer values ('A14','PTINT','JGRED',28);
insert into prononcer values ('A14','PTINT','JMAPA',48);
insert into prononcer values ('A14','PTINT','JMOND',13);
insert into prononcer values ('A14','PTINT','JMOND',56);
insert into prononcer values ('A14','PTINT','JPEST',51);
insert into prononcer values ('A14','PTINT','JPIPE',50);
insert into prononcer values ('A14','PTINT','JSAPE',25);
insert into prononcer values ('A14','PTINT','JSAPE',51);
insert into prononcer values ('A14','PTINT','JSAPR',9);
insert into prononcer values ('A14','PTINT','JTON2',50);
insert into prononcer values ('A14','PTINT','JZUT',15);
insert into prononcer values ('A14','PTINT','JZUT',42);
insert into prononcer values ('A14','PTINT','JZUT',45);
insert into prononcer values ('A14','PTINT','JZUT',58);
insert into prononcer values ('A15','PANON','JTON2',34);
insert into prononcer values ('A15','PANOO','JBONS',32);
insert into prononcer values ('A15','PANOO','JSAPR',34);
insert into prononcer values ('A15','PANOO','JWLAD',10);
insert into prononcer values ('A15','PDUPT','JMOND',22);
insert into prononcer values ('A15','PHADD','JANAC',46);
insert into prononcer values ('A15','PHADD','JAUNO',40);
insert into prononcer values ('A15','PHADD','JBACH',4);
insert into prononcer values ('A15','PHADD','JBACH',54);
insert into prononcer values ('A15','PHADD','JBAND',26);
insert into prononcer values ('A15','PHADD','JBONS',55);
insert into prononcer values ('A15','PHADD','JBRUT',43);
insert into prononcer values ('A15','PHADD','JCANAQ',5);
insert into prononcer values ('A15','PHADD','JCANAQ',12);
insert into prononcer values ('A15','PHADD','JCHAU',43);
insert into prononcer values ('A15','PHADD','JCORNI',5);
insert into prononcer values ('A15','PHADD','JCORNI',11);
insert into prononcer values ('A15','PHADD','JCORNI',39);
insert into prononcer values ('A15','PHADD','JCORNI',46);
insert into prononcer values ('A15','PHADD','JCYCLOT',43);
insert into prononcer values ('A15','PHADD','JDEGR',41);
insert into prononcer values ('A15','PHADD','JDIAB',31);
insert into prononcer values ('A15','PHADD','JDIAB',34);
insert into prononcer values ('A15','PHADD','JECRA',43);
insert into prononcer values ('A15','PHADD','JECTO',4);
insert into prononcer values ('A15','PHADD','JECTO',5);
insert into prononcer values ('A15','PHADD','JEMPL',49);
insert into prononcer values ('A15','PHADD','JFICH',32);
insert into prononcer values ('A15','PHADD','JGRED',32);
insert into prononcer values ('A15','PHADD','JKUKL',12);
insert into prononcer values ('A15','PHADD','JLOGA',5);
insert into prononcer values ('A15','PHADD','JMALH',3);
insert into prononcer values ('A15','PHADD','JMALH',12);
insert into prononcer values ('A15','PHADD','JMAPA',10);
insert into prononcer values ('A15','PHADD','JMARM',49);
insert into prononcer values ('A15','PHADD','JMAZE',4);
insert into prononcer values ('A15','PHADD','JMILL',2);
insert into prononcer values ('A15','PHADD','JMILL',4);
insert into prononcer values ('A15','PHADD','JMILL',5);
insert into prononcer values ('A15','PHADD','JMILL',6);
insert into prononcer values ('A15','PHADD','JMILL',7);
insert into prononcer values ('A15','PHADD','JMILL',8);
insert into prononcer values ('A15','PHADD','JMILL',10);
insert into prononcer values ('A15','PHADD','JMILL',18);
insert into prononcer values ('A15','PHADD','JMILL',26);
insert into prononcer values ('A15','PHADD','JMILL',30);
insert into prononcer values ('A15','PHADD','JMILL',31);
insert into prononcer values ('A15','PHADD','JMILL',36);
insert into prononcer values ('A15','PHADD','JMILL',38);
insert into prononcer values ('A15','PHADD','JMILL',40);
insert into prononcer values ('A15','PHADD','JMILL',44);
insert into prononcer values ('A15','PHADD','JMILL',46);
insert into prononcer values ('A15','PHADD','JMILL',47);
insert into prononcer values ('A15','PHADD','JMILL',48);
insert into prononcer values ('A15','PHADD','JMILL',49);
insert into prononcer values ('A15','PHADD','JMILL',52);
insert into prononcer values ('A15','PHADD','JMILL',53);
insert into prononcer values ('A15','PHADD','JMILL',55);
insert into prononcer values ('A15','PHADD','JMILL',60);
insert into prononcer values ('A15','PHADD','JOLIB',6);
insert into prononcer values ('A15','PHADD','JOLIB',36);
insert into prononcer values ('A15','PHADD','JPHEN',52);
insert into prononcer values ('A15','PHADD','JPIRA',3);
insert into prononcer values ('A15','PHADD','JPIRA',5);
insert into prononcer values ('A15','PHADD','JPIRA',26);
insert into prononcer values ('A15','PHADD','JSAPA',5);
insert into prononcer values ('A15','PHADD','JSATA',14);
insert into prononcer values ('A15','PHADD','JTON1',5);
insert into prononcer values ('A15','PHADD','JTON1',6);
insert into prononcer values ('A15','PHADD','JTON1',7);
insert into prononcer values ('A15','PHADD','JTON1',11);
insert into prononcer values ('A15','PHADD','JTON1',12);
insert into prononcer values ('A15','PHADD','JTON1',32);
insert into prononcer values ('A15','PHADD','JTON1',39);
insert into prononcer values ('A15','PHADD','JTON1',47);
insert into prononcer values ('A15','PHADD','JTON1',48);
insert into prononcer values ('A15','PHADD','JTON1',50);
insert into prononcer values ('A15','PHADD','JTON1',52);
insert into prononcer values ('A15','PHADD','JTON1',55);
insert into prononcer values ('A15','PHADD','JTON2',48);
insert into prononcer values ('A15','PHADD','JZOUA',2);
insert into prononcer values ('A15','PHADD','JZOUA',11);
insert into prononcer values ('A15','PHADD','JZOUA',31);
insert into prononcer values ('A15','PMILL','JTON2',61);
insert into prononcer values ('A15','PMILO','JHOMM',14);
insert into prononcer values ('A15','PMILO','JSAPR',51);
insert into prononcer values ('A15','PTINT','JAFFA',21);
insert into prononcer values ('A15','PTINT','JAUNO',37);
insert into prononcer values ('A15','PTINT','JCIEL',21);
insert into prononcer values ('A15','PTINT','JMAPA',17);
insert into prononcer values ('A15','PTINT','JMOND',17);
insert into prononcer values ('A15','PTINT','JMOND',38);
insert into prononcer values ('A15','PTINT','JMOND',46);
insert into prononcer values ('A15','PTINT','JSAPR',54);
insert into prononcer values ('A15','PTOUR','JDEGR',45);
insert into prononcer values ('A15','PTOUR','JDIAB',32);
insert into prononcer values ('A15','PTOUR','JMALH',33);
insert into prononcer values ('A15','PTOUR','JMOND',30);
insert into prononcer values ('A15','PTOUR','JMOND',59);
insert into prononcer values ('A15','PTOUR','JPOUS',41);
insert into prononcer values ('A15','PTOUR','JSACS',45);
insert into prononcer values ('A15','PTOUR','JSAPE',11);
insert into prononcer values ('A15','PTOUR','JSAPE',15);
insert into prononcer values ('A15','PTOUR','JSAPE',32);
insert into prononcer values ('A15','PTOUR','JSAPE',43);
insert into prononcer values ('A15','PTOUR','JSAPR',44);
insert into prononcer values ('A15','PTOUR','JVERMIC',40);
insert into prononcer values ('A15','PWOLF','JSAPR',16);
insert into prononcer values ('A15','PWOLF','JSAPR',38);
insert into prononcer values ('A16','PANOO','JMALE',58);
insert into prononcer values ('A16','PANOO','JMOND',59);
insert into prononcer values ('A16','PBAXT','JAUNO',58);
insert into prononcer values ('A16','PBAXT','JCIEL',61);
insert into prononcer values ('A16','PBAXT','JHORR',59);
insert into prononcer values ('A16','PBAXT','JMALH',50);
insert into prononcer values ('A16','PBAXT','JMALH',51);
insert into prononcer values ('A16','PBAXT','JMOND',1);
insert into prononcer values ('A16','PBAXT','JMOND',60);
insert into prononcer values ('A16','PBAXT','JSACRE',50);
insert into prononcer values ('A16','PDUPD','JDEGR',30);
insert into prononcer values ('A16','PDUPT','JBAND',55);
insert into prononcer values ('A16','PDUPT','JDIAB',30);
insert into prononcer values ('A16','PDUPT','JGROS',19);
insert into prononcer values ('A16','PDUPT','JMOND',3);
insert into prononcer values ('A16','PDUPT','JPIPE',31);
insert into prononcer values ('A16','PDUPT','JSAPR',18);
insert into prononcer values ('A16','PHADD','JAGNE',47);
insert into prononcer values ('A16','PHADD','JANAC',46);
insert into prononcer values ('A16','PHADD','JANTH',47);
insert into prononcer values ('A16','PHADD','JANTR',45);
insert into prononcer values ('A16','PHADD','JAUNO',33);
insert into prononcer values ('A16','PHADD','JAUNO',55);
insert into prononcer values ('A16','PHADD','JBACH',31);
insert into prononcer values ('A16','PHADD','JBACH',44);
insert into prononcer values ('A16','PHADD','JBACH',47);
insert into prononcer values ('A16','PHADD','JBAND',46);
insert into prononcer values ('A16','PHADD','JBRON',3);
insert into prononcer values ('A16','PHADD','JBRUT',45);
insert into prononcer values ('A16','PHADD','JCANN',54);
insert into prononcer values ('A16','PHADD','JCARN',20);
insert into prononcer values ('A16','PHADD','JCOLE',47);
insert into prononcer values ('A16','PHADD','JDEGR',36);
insert into prononcer values ('A16','PHADD','JECTO',56);
insert into prononcer values ('A16','PHADD','JEMPL',12);
insert into prononcer values ('A16','PHADD','JEMPL',20);
insert into prononcer values ('A16','PHADD','JFAUX',46);
insert into prononcer values ('A16','PHADD','JFLUT',54);
insert into prononcer values ('A16','PHADD','JGRAIS',20);
insert into prononcer values ('A16','PHADD','JGRAIS',43);
insert into prononcer values ('A16','PHADD','JGRED',54);
insert into prononcer values ('A16','PHADD','JHORR',33);
insert into prononcer values ('A16','PHADD','JICON',55);
insert into prononcer values ('A16','PHADD','JJUDA',46);
insert into prononcer values ('A16','PHADD','JMARI2',52);
insert into prononcer values ('A16','PHADD','JMERI',13);
insert into prononcer values ('A16','PHADD','JMILL',2);
insert into prononcer values ('A16','PHADD','JMILL',3);
insert into prononcer values ('A16','PHADD','JMILL',4);
insert into prononcer values ('A16','PHADD','JMILL',6);
insert into prononcer values ('A16','PHADD','JMILL',10);
insert into prononcer values ('A16','PHADD','JMILL',11);
insert into prononcer values ('A16','PHADD','JMILL',15);
insert into prononcer values ('A16','PHADD','JMILL',16);
insert into prononcer values ('A16','PHADD','JMILL',20);
insert into prononcer values ('A16','PHADD','JMILL',27);
insert into prononcer values ('A16','PHADD','JMILL',28);
insert into prononcer values ('A16','PHADD','JMILL',29);
insert into prononcer values ('A16','PHADD','JMILL',33);
insert into prononcer values ('A16','PHADD','JMILL',34);
insert into prononcer values ('A16','PHADD','JMILL',35);
insert into prononcer values ('A16','PHADD','JMILL',36);
insert into prononcer values ('A16','PHADD','JMILL',38);
insert into prononcer values ('A16','PHADD','JMILL',43);
insert into prononcer values ('A16','PHADD','JMILL',44);
insert into prononcer values ('A16','PHADD','JMILL',45);
insert into prononcer values ('A16','PHADD','JMILL',46);
insert into prononcer values ('A16','PHADD','JMILL',47);
insert into prononcer values ('A16','PHADD','JMILL',48);
insert into prononcer values ('A16','PHADD','JMILL',49);
insert into prononcer values ('A16','PHADD','JMILL',50);
insert into prononcer values ('A16','PHADD','JMILL',52);
insert into prononcer values ('A16','PHADD','JMILL',54);
insert into prononcer values ('A16','PHADD','JMILL',55);
insert into prononcer values ('A16','PHADD','JMILL',56);
insert into prononcer values ('A16','PHADD','JMILL',62);
insert into prononcer values ('A16','PHADD','JMOUL',43);
insert into prononcer values ('A16','PHADD','JMOUL',54);
insert into prononcer values ('A16','PHADD','JOLIB',44);
insert into prononcer values ('A16','PHADD','JPIRA',52);
insert into prononcer values ('A16','PHADD','JPLEU',48);
insert into prononcer values ('A16','PHADD','JSAPR',16);
insert into prononcer values ('A16','PHADD','JSAPR',35);
insert into prononcer values ('A16','PHADD','JSAUV',55);
insert into prononcer values ('A16','PHADD','JSCOR',53);
insert into prononcer values ('A16','PHADD','JTETE',36);
insert into prononcer values ('A16','PHADD','JTON1',3);
insert into prononcer values ('A16','PHADD','JTON1',15);
insert into prononcer values ('A16','PHADD','JTON1',26);
insert into prononcer values ('A16','PHADD','JTON1',27);
insert into prononcer values ('A16','PHADD','JTON1',28);
insert into prononcer values ('A16','PHADD','JTON1',31);
insert into prononcer values ('A16','PHADD','JTON1',33);
insert into prononcer values ('A16','PHADD','JTON1',36);
insert into prononcer values ('A16','PHADD','JTON1',42);
insert into prononcer values ('A16','PHADD','JTON1',43);
insert into prononcer values ('A16','PHADD','JTON1',44);
insert into prononcer values ('A16','PHADD','JTON1',54);
insert into prononcer values ('A16','PHADD','JTON1',55);
insert into prononcer values ('A16','PHADD','JTON1',56);
insert into prononcer values ('A16','PHADD','JTON2',33);
insert into prononcer values ('A16','PHADD','JTON2',38);
insert into prononcer values ('A16','PHADD','JTON2',48);
insert into prononcer values ('A16','PHADD','JTON2',59);
insert into prononcer values ('A16','PHADD','JTORT',45);
insert into prononcer values ('A16','PHADD','JVIVI',45);
insert into prononcer values ('A16','PHADD','JZOUA',62);
insert into prononcer values ('A16','PJORG','JANIM',52);
insert into prononcer values ('A16','PJORG','JIMBE',41);
insert into prononcer values ('A16','PJORG','JMALE',43);
insert into prononcer values ('A16','PJORG','JSACRE',41);
insert into prononcer values ('A16','PMILL','JBONS',23);
insert into prononcer values ('A16','PMILL','JSACRE',1);
insert into prononcer values ('A16','PMILO','JHOMM',26);
insert into prononcer values ('A16','PTINT','JAUNO',3);
insert into prononcer values ('A16','PTINT','JAUNO',57);
insert into prononcer values ('A16','PTINT','JAUNO',61);
insert into prononcer values ('A16','PTINT','JDEGR',7);
insert into prononcer values ('A16','PTINT','JDEGR',53);
insert into prononcer values ('A16','PTINT','JDIAB',37);
insert into prononcer values ('A16','PTINT','JHORR',10);
insert into prononcer values ('A16','PTINT','JMALH',8);
insert into prononcer values ('A16','PTINT','JMALH',36);
insert into prononcer values ('A16','PTINT','JMALH',55);
insert into prononcer values ('A16','PTINT','JMAPA',8);
insert into prononcer values ('A16','PTINT','JMOND',2);
insert into prononcer values ('A16','PTINT','JMOND',9);
insert into prononcer values ('A16','PTINT','JMOND',11);
insert into prononcer values ('A16','PTINT','JMOND',27);
insert into prononcer values ('A16','PTINT','JMOND',29);
insert into prononcer values ('A16','PTINT','JMOND',34);
insert into prononcer values ('A16','PTINT','JMOND',35);
insert into prononcer values ('A16','PTINT','JMOND',55);
insert into prononcer values ('A16','PTINT','JMOND',61);
insert into prononcer values ('A16','PTINT','JSAPR',7);
insert into prononcer values ('A16','PTINT','JSAPR',12);
insert into prononcer values ('A16','PTINT','JSAPR',34);
insert into prononcer values ('A16','PTOUR','JAUNO',10);
insert into prononcer values ('A16','PTOUR','JAUNO',19);
insert into prononcer values ('A16','PTOUR','JAUNO',44);
insert into prononcer values ('A16','PTOUR','JDEGR',8);
insert into prononcer values ('A16','PTOUR','JDEGR',19);
insert into prononcer values ('A16','PTOUR','JHORR',43);
insert into prononcer values ('A16','PTOUR','JMALH',3);
insert into prononcer values ('A16','PTOUR','JMALH',6);
insert into prononcer values ('A16','PTOUR','JMALH',41);
insert into prononcer values ('A16','PTOUR','JMAPA',7);
insert into prononcer values ('A16','PTOUR','JMOND',43);
insert into prononcer values ('A16','PTOUR','JMOND',51);
insert into prononcer values ('A16','PTOUR','JSACS',31);
insert into prononcer values ('A16','PTOUR','JSAPE',8);
insert into prononcer values ('A16','PTOUR','JSAPE',19);
insert into prononcer values ('A16','PTOUR','JSAPE',31);
insert into prononcer values ('A16','PTOUR','JSAPE',42);
insert into prononcer values ('A16','PTOUR','JSAPR',7);
insert into prononcer values ('A16','PWOLF','JDEGR',6);
insert into prononcer values ('A16','PWOLF','JDEGR',43);
insert into prononcer values ('A16','PWOLF','JMOND',38);
insert into prononcer values ('A16','PWOLF','JMOND',39);
insert into prononcer values ('A16','PWOLF','JMOND',40);
insert into prononcer values ('A17','PANON','JMOUS',2);
insert into prononcer values ('A17','PANON','JMOUS',13);
insert into prononcer values ('A17','PANON','JMOUS',21);
insert into prononcer values ('A17','PANON','JMOUS',31);
insert into prononcer values ('A17','PANON','JSAPR',47);
insert into prononcer values ('A17','PANON','JZUT',17);
insert into prononcer values ('A17','PANOO','JMADO',36);
insert into prononcer values ('A17','PANOO','JMADO',40);
insert into prononcer values ('A17','PANOO','JSAPE',45);
insert into prononcer values ('A17','PHADD','J2',36);
insert into prononcer values ('A17','PHADD','J3',36);
insert into prononcer values ('A17','PHADD','J4',42);
insert into prononcer values ('A17','PHADD','J5',19);
insert into prononcer values ('A17','PHADD','JANAC',31);
insert into prononcer values ('A17','PHADD','JANTR',36);
insert into prononcer values ('A17','PHADD','JAUNO',7);
insert into prononcer values ('A17','PHADD','JAUTOC',34);
insert into prononcer values ('A17','PHADD','JAUTOD',22);
insert into prononcer values ('A17','PHADD','JBACH',28);
insert into prononcer values ('A17','PHADD','JBACH',31);
insert into prononcer values ('A17','PHADD','JBACH',36);
insert into prononcer values ('A17','PHADD','JBACH',42);
insert into prononcer values ('A17','PHADD','JBAND',31);
insert into prononcer values ('A17','PHADD','JBAND',36);
insert into prononcer values ('A17','PHADD','JBONS',7);
insert into prononcer values ('A17','PHADD','JBRUT',22);
insert into prononcer values ('A17','PHADD','JBRUT',32);
insert into prononcer values ('A17','PHADD','JBRUT',34);
insert into prononcer values ('A17','PHADD','JBRUT',36);
insert into prononcer values ('A17','PHADD','JCHAU',12);
insert into prononcer values ('A17','PHADD','JCORNI',28);
insert into prononcer values ('A17','PHADD','JECRA',12);
insert into prononcer values ('A17','PHADD','JECRA',22);
insert into prononcer values ('A17','PHADD','JECRA',36);
insert into prononcer values ('A17','PHADD','JECTO',19);
insert into prononcer values ('A17','PHADD','JEGOI',34);
insert into prononcer values ('A17','PHADD','JEMPL',33);
insert into prononcer values ('A17','PHADD','JFLIB',22);
insert into prononcer values ('A17','PHADD','JGALO',48);
insert into prononcer values ('A17','PHADD','JGRAIS',33);
insert into prononcer values ('A17','PHADD','JGROS',34);
insert into prononcer values ('A17','PHADD','JIVRO',12);
insert into prononcer values ('A17','PHADD','JMALO',19);
insert into prononcer values ('A17','PHADD','JMALP',28);
insert into prononcer values ('A17','PHADD','JMILL',3);
insert into prononcer values ('A17','PHADD','JMILL',4);
insert into prononcer values ('A17','PHADD','JMILL',5);
insert into prononcer values ('A17','PHADD','JMILL',7);
insert into prononcer values ('A17','PHADD','JMILL',8);
insert into prononcer values ('A17','PHADD','JMILL',9);
insert into prononcer values ('A17','PHADD','JMILL',14);
insert into prononcer values ('A17','PHADD','JMILL',15);
insert into prononcer values ('A17','PHADD','JMILL',16);
insert into prononcer values ('A17','PHADD','JMILL',18);
insert into prononcer values ('A17','PHADD','JMILL',19);
insert into prononcer values ('A17','PHADD','JMILL',20);
insert into prononcer values ('A17','PHADD','JMILL',24);
insert into prononcer values ('A17','PHADD','JMILL',28);
insert into prononcer values ('A17','PHADD','JMILL',31);
insert into prononcer values ('A17','PHADD','JMILL',32);
insert into prononcer values ('A17','PHADD','JMILL',33);
insert into prononcer values ('A17','PHADD','JMILL',34);
insert into prononcer values ('A17','PHADD','JMILL',35);
insert into prononcer values ('A17','PHADD','JMILL',36);
insert into prononcer values ('A17','PHADD','JMILL',37);
insert into prononcer values ('A17','PHADD','JMILL',38);
insert into prononcer values ('A17','PHADD','JMILL',39);
insert into prononcer values ('A17','PHADD','JMILL',42);
insert into prononcer values ('A17','PHADD','JMILL',45);
insert into prononcer values ('A17','PHADD','JMILL',46);
insert into prononcer values ('A17','PHADD','JMILL',48);
insert into prononcer values ('A17','PHADD','JMILL',49);
insert into prononcer values ('A17','PHADD','JMILL',50);
insert into prononcer values ('A17','PHADD','JMILL',54);
insert into prononcer values ('A17','PHADD','JMILL',59);
insert into prononcer values ('A17','PHADD','JMILL',60);
insert into prononcer values ('A17','PHADD','JMILL',61);
insert into prononcer values ('A17','PHADD','JMILL',62);
insert into prononcer values ('A17','PHADD','JMOUL',12);
insert into prononcer values ('A17','PHADD','JMOUL',22);
insert into prononcer values ('A17','PHADD','JMOUL',28);
insert into prononcer values ('A17','PHADD','JMOUL',34);
insert into prononcer values ('A17','PHADD','JPARB',9);
insert into prononcer values ('A17','PHADD','JPIGN',34);
insert into prononcer values ('A17','PHADD','JPOLY',34);
insert into prononcer values ('A17','PHADD','JPROF',34);
insert into prononcer values ('A17','PHADD','JTON1',2);
insert into prononcer values ('A17','PHADD','JTON1',3);
insert into prononcer values ('A17','PHADD','JTON1',4);
insert into prononcer values ('A17','PHADD','JTON1',9);
insert into prononcer values ('A17','PHADD','JTON1',29);
insert into prononcer values ('A17','PHADD','JTON1',39);
insert into prononcer values ('A17','PHADD','JTON1',42);
insert into prononcer values ('A17','PHADD','JTON1',45);
insert into prononcer values ('A17','PHADD','JTON1',48);
insert into prononcer values ('A17','PHADD','JTON1',50);
insert into prononcer values ('A17','PHADD','JTON1',61);
insert into prononcer values ('A17','PHADD','JTON1',62);
insert into prononcer values ('A17','PHADD','JTON2',16);
insert into prononcer values ('A17','PHADD','JTON2',19);
insert into prononcer values ('A17','PHADD','JTON2',32);
insert into prononcer values ('A17','PHADD','JTON2',34);
insert into prononcer values ('A17','PHADD','JTON2',37);
insert into prononcer values ('A17','PHADD','JTON2',39);
insert into prononcer values ('A17','PHADD','JTON2',44);
insert into prononcer values ('A17','PHADD','JTON2',45);
insert into prononcer values ('A17','PHADD','JTON2',46);
insert into prononcer values ('A17','PHADD','JTROG',34);
insert into prononcer values ('A17','PHADD','JVANU',34);
insert into prononcer values ('A17','PHADD','JZUT',8);
insert into prononcer values ('A17','PLAMP','JSAPR',16);
insert into prononcer values ('A17','PNEST','JFLUT',3);
insert into prononcer values ('A17','PSPON','JANDO',55);
insert into prononcer values ('A17','PSPON','JMOUS',46);
insert into prononcer values ('A17','PSPON','JMOUS',52);
insert into prononcer values ('A17','PSPON','JMOUS',55);
insert into prononcer values ('A17','PSPON','JMOUS',56);
insert into prononcer values ('A17','PSPON','JMOUS',59);
insert into prononcer values ('A17','PSZPR','JMARI1',19);
insert into prononcer values ('A17','PSZPR','JMOUS',43);
insert into prononcer values ('A17','PTINT','JMOND',29);
insert into prononcer values ('A17','PTINT','JSAPE',40);
insert into prononcer values ('A17','PTINT','JSAPR',18);
insert into prononcer values ('A17','PTINT','JSAPR',20);
insert into prononcer values ('A17','PTINT','JSAPR',32);
insert into prononcer values ('A17','PTINT','JSAPR',43);
insert into prononcer values ('A17','PTINT','JSAPR',45);
insert into prononcer values ('A17','PTINT','JSAPR',50);
insert into prononcer values ('A17','PTINT','JZUT',15);
insert into prononcer values ('A17','PTINT','JZUT',38);
insert into prononcer values ('A17','PTOPO','JSACRE',25);
insert into prononcer values ('A17','PTOUR','JSAPE',60);
insert into prononcer values ('A17','PTOUR','JSAPR',59);
insert into prononcer values ('A18','PALC1','JCARA',1);
insert into prononcer values ('A18','PANON','JDIAB',55);
insert into prononcer values ('A18','PBENK','JCHIE',31);
insert into prononcer values ('A18','PCAST','JMADO',40);
insert into prononcer values ('A18','PDAFI','JAUNO',23);
insert into prononcer values ('A18','PDAFI','JDIAB',23);
insert into prononcer values ('A18','PHADD','J6',44);
insert into prononcer values ('A18','PHADD','J7',49);
insert into prononcer values ('A18','PHADD','J8',56);
insert into prononcer values ('A18','PHADD','JANAC',46);
insert into prononcer values ('A18','PHADD','JANIM',52);
insert into prononcer values ('A18','PHADD','JANTR',49);
insert into prononcer values ('A18','PHADD','JBACH',49);
insert into prononcer values ('A18','PHADD','JBAND',34);
insert into prononcer values ('A18','PHADD','JBOIT',49);
insert into prononcer values ('A18','PHADD','JCANN',49);
insert into prononcer values ('A18','PHADD','JCATAS',54);
insert into prononcer values ('A18','PHADD','JCERC',49);
insert into prononcer values ('A18','PHADD','JCHOL',14);
insert into prononcer values ('A18','PHADD','JCOLO',47);
insert into prononcer values ('A18','PHADD','JCOLO',49);
insert into prononcer values ('A18','PHADD','JCORNI',4);
insert into prononcer values ('A18','PHADD','JCORNI',46);
insert into prononcer values ('A18','PHADD','JCOUP',44);
insert into prononcer values ('A18','PHADD','JECTO',35);
insert into prononcer values ('A18','PHADD','JECTO',49);
insert into prononcer values ('A18','PHADD','JECTO',50);
insert into prononcer values ('A18','PHADD','JEMPL',47);
insert into prononcer values ('A18','PHADD','JFLIB',44);
insert into prononcer values ('A18','PHADD','JFLIB',49);
insert into prononcer values ('A18','PHADD','JFLUT',43);
insert into prononcer values ('A18','PHADD','JFLUT',53);
insert into prononcer values ('A18','PHADD','JFORB',48);
insert into prononcer values ('A18','PHADD','JFORB',50);
insert into prononcer values ('A18','PHADD','JFRER',44);
insert into prononcer values ('A18','PHADD','JGANG',34);
insert into prononcer values ('A18','PHADD','JGRAIS',47);
insert into prononcer values ('A18','PHADD','JGRED',14);
insert into prononcer values ('A18','PHADD','JJOCR',49);
insert into prononcer values ('A18','PHADD','JMALE',56);
insert into prononcer values ('A18','PHADD','JMARC1',49);
insert into prononcer values ('A18','PHADD','JMILL',4);
insert into prononcer values ('A18','PHADD','JMILL',5);
insert into prononcer values ('A18','PHADD','JMILL',8);
insert into prononcer values ('A18','PHADD','JMILL',14);
insert into prononcer values ('A18','PHADD','JMILL',16);
insert into prononcer values ('A18','PHADD','JMILL',20);
insert into prononcer values ('A18','PHADD','JMILL',22);
insert into prononcer values ('A18','PHADD','JMILL',26);
insert into prononcer values ('A18','PHADD','JMILL',34);
insert into prononcer values ('A18','PHADD','JMILL',38);
insert into prononcer values ('A18','PHADD','JMILL',42);
insert into prononcer values ('A18','PHADD','JMILL',50);
insert into prononcer values ('A18','PHADD','JMILL',55);
insert into prononcer values ('A18','PHADD','JMILL',62);
insert into prononcer values ('A18','PHADD','JMOUL',9);
insert into prononcer values ('A18','PHADD','JMOUL',49);
insert into prononcer values ('A18','PHADD','JNAUF',44);
insert into prononcer values ('A18','PHADD','JORNI',49);
insert into prononcer values ('A18','PHADD','JOSTR',49);
insert into prononcer values ('A18','PHADD','JPARAN',49);
insert into prononcer values ('A18','PHADD','JPHEN',9);
insert into prononcer values ('A18','PHADD','JPIRA',34);
insert into prononcer values ('A18','PHADD','JPIRA',44);
insert into prononcer values ('A18','PHADD','JPIRA',49);
insert into prononcer values ('A18','PHADD','JPOTE',44);
insert into prononcer values ('A18','PHADD','JRAPA',49);
insert into prononcer values ('A18','PHADD','JSAPA',49);
insert into prononcer values ('A18','PHADD','JSCHI',49);
insert into prononcer values ('A18','PHADD','JTETE',50);
insert into prononcer values ('A18','PHADD','JTON1',5);
insert into prononcer values ('A18','PHADD','JTON1',7);
insert into prononcer values ('A18','PHADD','JTON1',9);
insert into prononcer values ('A18','PHADD','JTON1',11);
insert into prononcer values ('A18','PHADD','JTON1',14);
insert into prononcer values ('A18','PHADD','JTON1',16);
insert into prononcer values ('A18','PHADD','JTON1',17);
insert into prononcer values ('A18','PHADD','JTON1',20);
insert into prononcer values ('A18','PHADD','JTON1',29);
insert into prononcer values ('A18','PHADD','JTON1',33);
insert into prononcer values ('A18','PHADD','JTON1',35);
insert into prononcer values ('A18','PHADD','JTON1',38);
insert into prononcer values ('A18','PHADD','JTON1',39);
insert into prononcer values ('A18','PHADD','JTON1',40);
insert into prononcer values ('A18','PHADD','JTON1',41);
insert into prononcer values ('A18','PHADD','JTON1',43);
insert into prononcer values ('A18','PHADD','JTON1',48);
insert into prononcer values ('A18','PHADD','JTON1',50);
insert into prononcer values ('A18','PHADD','JTON1',53);
insert into prononcer values ('A18','PHADD','JTON1',55);
insert into prononcer values ('A18','PHADD','JTON1',56);
insert into prononcer values ('A18','PHADD','JTON2',61);
insert into prononcer values ('A18','PHADD','JTROM',49);
insert into prononcer values ('A18','PHADD','JVAND',49);
insert into prononcer values ('A18','PHADD','JVANU',46);
insert into prononcer values ('A18','PHADD','JVIPE',44);
insert into prononcer values ('A18','PHADD','JVISI',44);
insert into prononcer values ('A18','PNEST','JSATA',29);
insert into prononcer values ('A18','PPACH','JTRIP',26);
insert into prononcer values ('A18','PRAST','JDIAB',39);
insert into prononcer values ('A18','PRAST','JDIAB',40);
insert into prononcer values ('A18','PRAST','JMOND',38);
insert into prononcer values ('A18','PRAST','JSAPR',38);
insert into prononcer values ('A18','PRAST','JTON2',38);
insert into prononcer values ('A18','PTHOM','JDIAB',45);
insert into prononcer values ('A18','PTHOM','JTON2',45);
insert into prononcer values ('A18','PTINT','JDIAB',54);
insert into prononcer values ('A18','PTINT','JFLUT',12);
insert into prononcer values ('A18','PTINT','JMOND',8);
insert into prononcer values ('A18','PTINT','JMOND',13);
insert into prononcer values ('A18','PTINT','JMOND',21);
insert into prononcer values ('A18','PTINT','JMOND',45);
insert into prononcer values ('A18','PTINT','JMOND',61);
insert into prononcer values ('A18','PTINT','JSAPR',2);
insert into prononcer values ('A18','PTINT','JSAPR',13);
insert into prononcer values ('A18','PTINT','JSAPR',22);
insert into prononcer values ('A18','PTINT','JSAPR',53);
insert into prononcer values ('A19','PHADD','J1',60);
insert into prononcer values ('A19','PHADD','JAMPH',26);
insert into prononcer values ('A19','PHADD','JANTH',26);
insert into prononcer values ('A19','PHADD','JAUNO',51);
insert into prononcer values ('A19','PHADD','JBOIT',26);
insert into prononcer values ('A19','PHADD','JCANN',26);
insert into prononcer values ('A19','PHADD','JCOLO',26);
insert into prononcer values ('A19','PHADD','JCYAN',26);
insert into prononcer values ('A19','PHADD','JDIPL',26);
insert into prononcer values ('A19','PHADD','JECTO',26);
insert into prononcer values ('A19','PHADD','JECTO',27);
insert into prononcer values ('a19','PHADD','JEMPL',27);
insert into prononcer values ('A19','PHADD','JESCO',60);
insert into prononcer values ('A19','PHADD','JFLIB',26);
insert into prononcer values ('A19','PHADD','JMACR',26);
insert into prononcer values ('A19','PHADD','JMAME',26);
insert into prononcer values ('A19','PHADD','JMEGAC',60);
insert into prononcer values ('A19','PHADD','JMEGAL',26);
insert into prononcer values ('A19','PHADD','JMILL',3);
insert into prononcer values ('A19','PHADD','JMILL',4);
insert into prononcer values ('A19','PHADD','JMILL',6);
insert into prononcer values ('A19','PHADD','JMILL',9);
insert into prononcer values ('A19','PHADD','JMILL',11);
insert into prononcer values ('A19','PHADD','JMILL',14);
insert into prononcer values ('A19','PHADD','JMILL',15);
insert into prononcer values ('A19','PHADD','JMILL',17);
insert into prononcer values ('A19','PHADD','JMILL',18);
insert into prononcer values ('A19','PHADD','JMILL',24);
insert into prononcer values ('A19','PHADD','JMILL',25);
insert into prononcer values ('A19','PHADD','JMILL',26);
insert into prononcer values ('A19','PHADD','JMILL',28);
insert into prononcer values ('A19','PHADD','JMILL',36);
insert into prononcer values ('A19','PHADD','JMILL',38);
insert into prononcer values ('A19','PHADD','JMILL',40);
insert into prononcer values ('A19','PHADD','JMILL',41);
insert into prononcer values ('A19','PHADD','JMILL',52);
insert into prononcer values ('A19','PHADD','JMILL',60);
insert into prononcer values ('A19','PHADD','JMOUL',35);
insert into prononcer values ('A19','PHADD','JPHYL',26);
insert into prononcer values ('A19','PHADD','JPYROM',60);
insert into prononcer values ('A19','PHADD','JROCA',26);
insert into prononcer values ('A19','PHADD','JSATR',27);
insert into prononcer values ('A19','PHADD','JSOUL',26);
insert into prononcer values ('A19','PHADD','JTON1',9);
insert into prononcer values ('A19','PHADD','JTON1',14);
insert into prononcer values ('A19','PHADD','JTON1',15);
insert into prononcer values ('A19','PHADD','JTON1',16);
insert into prononcer values ('A19','PHADD','JTON1',17);
insert into prononcer values ('A19','PHADD','JTON1',25);
insert into prononcer values ('A19','PHADD','JTON1',32);
insert into prononcer values ('A19','PHADD','JTON1',40);
insert into prononcer values ('A19','PHADD','JTON1',48);
insert into prononcer values ('A19','PHADD','JTON1',50);
insert into prononcer values ('A19','PHADD','JTON1',52);
insert into prononcer values ('A19','PHADD','JTON2',17);
insert into prononcer values ('A19','PHADD','JTON2',24);
insert into prononcer values ('A19','PHADD','JTROM',26);
insert into prononcer values ('A19','PHADD','JVAMP',26);
insert into prononcer values ('A19','PHADD','JZUT',2);
insert into prononcer values ('A19','PHADD','JZUT',9);
insert into prononcer values ('A19','PHADD','JZUT',51);
insert into prononcer values ('A19','PMILO','JHOMM',45);
insert into prononcer values ('A19','PMILO','JSAPE',18);
insert into prononcer values ('A19','PTINT','JAUNO',30);
insert into prononcer values ('A19','PTINT','JMOND',3);
insert into prononcer values ('A19','PTINT','JMOND',17);
insert into prononcer values ('A19','PTINT','JMOND',18);
insert into prononcer values ('A19','PTINT','JMOND',20);
insert into prononcer values ('A19','PTINT','JMOND',29);
insert into prononcer values ('A19','PTINT','JMOND',30);
insert into prononcer values ('A19','PTINT','JMOND',58);
insert into prononcer values ('A19','PTINT','JMOND',59);
insert into prononcer values ('A19','PTINT','JSAPR',30);
insert into prononcer values ('A19','PTINT','JSAPR',51);
insert into prononcer values ('A2','PANON','JANAN',6);
insert into prononcer values ('A2','PANON','JBONS',7);
insert into prononcer values ('A2','PANON','JCARA',34);
insert into prononcer values ('A2','PANON','JDIAB',48);
insert into prononcer values ('A2','PANON','JDIAB',56);
insert into prononcer values ('A2','PANON','JGRED',56);
insert into prononcer values ('A2','PANON','JIMBE',55);
insert into prononcer values ('A2','PANON','JSAPR',17);
insert into prononcer values ('A2','PANON','JTON2',52);
insert into prononcer values ('A2','PANON','JVERMIN',56);
insert into prononcer values ('A2','PANON','JZUT',2);
insert into prononcer values ('A2','PANON','JZUT',55);
insert into prononcer values ('A2','PANON','JZUT',56);
insert into prononcer values ('A2','PANOO','JDIAB',31);
insert into prononcer values ('A2','PANOO','JMAPA',41);
insert into prononcer values ('A2','PANOO','JMISE',41);
insert into prononcer values ('A2','PANOO','JMOND',4);
insert into prononcer values ('A2','PANOO','JMOND',30);
insert into prononcer values ('A2','PANOO','JMOND',32);
insert into prononcer values ('A2','PANOO','JMOND',54);
insert into prononcer values ('A2','PANOO','JMOND',58);
insert into prononcer values ('A2','PMILO','JMOND',56);
insert into prononcer values ('A2','PSMIL','JCABO',40);
insert into prononcer values ('A2','PSMIL','JSAPR',19);
insert into prononcer values ('A2','PSMIL','JSAPR',39);
insert into prononcer values ('A2','PSMIL','JTON2',13);
insert into prononcer values ('A2','PSMIL','JTON2',17);
insert into prononcer values ('A2','PSMIL','JTON2',20);
insert into prononcer values ('A2','PSMIL','JTON2',23);
insert into prononcer values ('A2','PSMIL','JTON2',24);
insert into prononcer values ('A2','PSMIL','JTON2',28);
insert into prononcer values ('A2','PSMIL','JTON2',41);
insert into prononcer values ('A2','PSMIL','JTON2',42);
insert into prononcer values ('A2','PSMIL','JZUT',19);
insert into prononcer values ('A2','PTINT','JBAND',12);
insert into prononcer values ('A2','PTINT','JBRUT',40);
insert into prononcer values ('A2','PTINT','JCIEL',42);
insert into prononcer values ('A2','PTINT','JDIAB',46);
insert into prononcer values ('A2','PTINT','JGRED',42);
insert into prononcer values ('A2','PTINT','JHORR',32);
insert into prononcer values ('A2','PTINT','JMALE',31);
insert into prononcer values ('A2','PTINT','JMALH',28);
insert into prononcer values ('A2','PTINT','JMOND',45);
insert into prononcer values ('A2','PTINT','JSAPR',48);
insert into prononcer values ('A2','PTINT','JSAPR',56);
insert into prononcer values ('A2','PTINT','JTON2',16);
insert into prononcer values ('A2','PTINT','JZUT',31);
insert into prononcer values ('A20','PANOO','JFLUT',34);
insert into prononcer values ('A20','PANOO','JZUT',19);
insert into prononcer values ('A20','PANOO','JZUT',34);
insert into prononcer values ('A20','PCAST','JAUNO',35);
insert into prononcer values ('A20','PCAST','JCIEL',11);
insert into prononcer values ('A20','PCAST','JCIEL',15);
insert into prononcer values ('A20','PCAST','JCIEL',34);
insert into prononcer values ('A20','PCAST','JCIEL',43);
insert into prononcer values ('A20','PCAST','JCIEL',56);
insert into prononcer values ('A20','PCAST','JCIEL',57);
insert into prononcer values ('A20','PCAST','JMADO',8);
insert into prononcer values ('A20','PCAST','JMADO',15);
insert into prononcer values ('A20','PCAST','JMADO',22);
insert into prononcer values ('A20','PCAST','JMADO',34);
insert into prononcer values ('A20','PCAST','JMADO',39);
insert into prononcer values ('A20','PCAST','JMOND',11);
insert into prononcer values ('A20','PHADD','JAUNO',59);
insert into prononcer values ('A20','PHADD','JBACH',10);
insert into prononcer values ('A20','PHADD','JCALA',6);
insert into prononcer values ('A20','PHADD','JCANN',10);
insert into prononcer values ('A20','PHADD','JCATACL',6);
insert into prononcer values ('A20','PHADD','JCATAS',6);
insert into prononcer values ('A20','PHADD','JCIEL',57);
insert into prononcer values ('A20','PHADD','JMILL',2);
insert into prononcer values ('A20','PHADD','JMILL',4);
insert into prononcer values ('A20','PHADD','JMILL',6);
insert into prononcer values ('A20','PHADD','JMILL',7);
insert into prononcer values ('A20','PHADD','JMILL',10);
insert into prononcer values ('A20','PHADD','JMILL',12);
insert into prononcer values ('A20','PHADD','JMILL',18);
insert into prononcer values ('A20','PHADD','JMILL',19);
insert into prononcer values ('A20','PHADD','JMILL',22);
insert into prononcer values ('A20','PHADD','JMILL',24);
insert into prononcer values ('A20','PHADD','JMILL',25);
insert into prononcer values ('A20','PHADD','JMILL',26);
insert into prononcer values ('A20','PHADD','JMILL',27);
insert into prononcer values ('A20','PHADD','JMILL',38);
insert into prononcer values ('A20','PHADD','JMILL',41);
insert into prononcer values ('A20','PHADD','JMILL',44);
insert into prononcer values ('A20','PHADD','JRAVA',10);
insert into prononcer values ('A20','PHADD','JTIGR',2);
insert into prononcer values ('A20','PHADD','JTON1',2);
insert into prononcer values ('A20','PHADD','JTON1',6);
insert into prononcer values ('A20','PHADD','JTON1',8);
insert into prononcer values ('A20','PHADD','JTON1',26);
insert into prononcer values ('A20','PHADD','JTON1',30);
insert into prononcer values ('A20','PHADD','JTON1',59);
insert into prononcer values ('A20','PHADD','JTON2',6);
insert into prononcer values ('A20','PIRMA','JBRUT',46);
insert into prononcer values ('A20','PNEST','JSAPR',11);
insert into prononcer values ('A20','PPERR','JCIEL',14);
insert into prononcer values ('A20','PPERR','JMILL',57);
insert into prononcer values ('A20','PTINT','JMOND',3);
insert into prononcer values ('A20','PTINT','JMOND',55);
insert into prononcer values ('A20','PTOUR','JSAPE',7);
insert into prononcer values ('A20','PTOUR','JSAPE',23);
insert into prononcer values ('A20','PTOUR','JSAPE',33);
insert into prononcer values ('A20','PWAGN','JCATAS',52);
insert into prononcer values ('A21','PCARR','JASSA',24);
insert into prononcer values ('A21','PCARR','JFREL',33);
insert into prononcer values ('A21','PCARR','JFRIP',24);
insert into prononcer values ('A21','PCARR','JINSO',49);
insert into prononcer values ('A21','PCARR','JLACH',24);
insert into prononcer values ('A21','PCARR','JMORV',32);
insert into prononcer values ('A21','PEZDA','JFORB',59);
insert into prononcer values ('A21','PHADD','JAPAC',23);
insert into prononcer values ('A21','PHADD','JBACH',23);
insert into prononcer values ('A21','PHADD','JBAND',23);
insert into prononcer values ('A21','PHADD','JBAND',34);
insert into prononcer values ('A21','PHADD','JBRUT',18);
insert into prononcer values ('A21','PHADD','JCANAI',23);
insert into prononcer values ('A21','PHADD','JECTO',21);
insert into prononcer values ('A21','PHADD','JECTO',54);
insert into prononcer values ('A21','PHADD','JMILL',1);
insert into prononcer values ('A21','PHADD','JMILL',10);
insert into prononcer values ('A21','PHADD','JMILL',21);
insert into prononcer values ('A21','PHADD','JMILL',22);
insert into prononcer values ('A21','PHADD','JMILL',23);
insert into prononcer values ('A21','PHADD','JMILL',29);
insert into prononcer values ('A21','PHADD','JMILL',56);
insert into prononcer values ('A21','PHADD','JMOUL',22);
insert into prononcer values ('A21','PHADD','JMOUL',54);
insert into prononcer values ('A21','PHADD','JOPHI',23);
insert into prononcer values ('A21','PHADD','JPHLE',21);
insert into prononcer values ('A21','PHADD','JRAVA',21);
insert into prononcer values ('A21','PHADD','JSATR',21);
insert into prononcer values ('A21','PHADD','JTON1',1);
insert into prononcer values ('A21','PHADD','JTON1',10);
insert into prononcer values ('A21','PHADD','JTON1',11);
insert into prononcer values ('A21','PHADD','JTON1',12);
insert into prononcer values ('A21','PHADD','JTON1',16);
insert into prononcer values ('A21','PHADD','JTON1',21);
insert into prononcer values ('A21','PHADD','JTON1',26);
insert into prononcer values ('A21','PHADD','JTON1',34);
insert into prononcer values ('A21','PHADD','JTON1',44);
insert into prononcer values ('A21','PHADD','JTON1',60);
insert into prononcer values ('A21','PHADD','JVAMP',23);
insert into prononcer values ('A21','PHADD','JVANU',21);
insert into prononcer values ('A21','PHADD','JZOUA',27);
insert into prononcer values ('A21','PKROL','JTON1',36);
insert into prononcer values ('A21','PMILO','JBRUT',3);
insert into prononcer values ('A21','PMILO','JBUTO',3);
insert into prononcer values ('A21','PMILO','JFLUT',6);
insert into prononcer values ('A21','PRAST','JABRU',40);
insert into prononcer values ('A21','PRAST','JANIM',31);
insert into prononcer values ('A21','PRAST','JCANAI',30);
insert into prononcer values ('A21','PRAST','JCRETI',40);
insert into prononcer values ('A21','PRAST','JFLUT',19);
insert into prononcer values ('A21','PRAST','JFREL',19);
insert into prononcer values ('A21','PRAST','JFROU',41);
insert into prononcer values ('A21','PRAST','JIDIO',40);
insert into prononcer values ('A21','PRAST','JIMBE',19);
insert into prononcer values ('A21','PRAST','JIMBE',36);
insert into prononcer values ('A21','PRAST','JMALA',19);
insert into prononcer values ('A21','PRAST','JMAUV',48);
insert into prononcer values ('A21','PRAST','JMEDI',30);
insert into prononcer values ('A21','PRAST','JSAPA',30);
insert into prononcer values ('A21','PRAST','JTON2',34);
insert into prononcer values ('A21','PRAST','JTRIP',40);
insert into prononcer values ('A21','PSPAL','JMOND',18);
insert into prononcer values ('A21','PTINT','JASSA',19);
insert into prononcer values ('A21','PTINT','JBAND',19);
insert into prononcer values ('A21','PTINT','JCANAI',32);
insert into prononcer values ('A21','PTINT','JFLUT',13);
insert into prononcer values ('A21','PTINT','JSAPR',34);
insert into prononcer values ('A22','PALC1','J19',40);
insert into prononcer values ('A22','PALC1','JCARA',54);
insert into prononcer values ('A22','PALC1','JCARA',62);
insert into prononcer values ('A22','PALC1','JGRAIN',40);
insert into prononcer values ('A22','PALC1','JPOCH',40);
insert into prononcer values ('A22','PALC1','JSACS',40);
insert into prononcer values ('A22','PALVA','JAUNO',58);
insert into prononcer values ('A22','PALVA','JIMBE',29);
insert into prononcer values ('A22','PANON','JEMPO',28);
insert into prononcer values ('A22','PANOO','JFLUT',51);
insert into prononcer values ('A22','PANOO','JGALO',6);
insert into prononcer values ('A22','PANOO','JSAPE',34);
insert into prononcer values ('A22','PCAST','JMADO',61);
insert into prononcer values ('A22','PHADD','J16',2);
insert into prononcer values ('A22','PHADD','J17',6);
insert into prononcer values ('A22','PHADD','JAUNO',21);
insert into prononcer values ('A22','PHADD','JBOUG',19);
insert into prononcer values ('A22','PHADD','JCANN',42);
insert into prononcer values ('A22','PHADD','JCARN',8);
insert into prononcer values ('A22','PHADD','JCLOP',57);
insert into prononcer values ('A22','PHADD','JDIAB',14);
insert into prononcer values ('A22','PHADD','JDIAB',46);
insert into prononcer values ('A22','PHADD','JFICH',17);
insert into prononcer values ('A22','PHADD','JFLUT',3);
insert into prononcer values ('A22','PHADD','JGROT',31);
insert into prononcer values ('A22','PHADD','JMALH',21);
insert into prononcer values ('A22','PHADD','JMAPA',29);
insert into prononcer values ('A22','PHADD','JMARC2',8);
insert into prononcer values ('A22','PHADD','JMILL',2);
insert into prononcer values ('A22','PHADD','JMILL',3);
insert into prononcer values ('A22','PHADD','JMILL',17);
insert into prononcer values ('A22','PHADD','JMILL',18);
insert into prononcer values ('A22','PHADD','JMILL',19);
insert into prononcer values ('A22','PHADD','JMILL',23);
insert into prononcer values ('A22','PHADD','JMONS',53);
insert into prononcer values ('A22','PHADD','JOSTR',10);
insert into prononcer values ('A22','PHADD','JPOLI',10);
insert into prononcer values ('A22','PHADD','JSINI',42);
insert into prononcer values ('A22','PHADD','JTETE',11);
insert into prononcer values ('A22','PHADD','JTON1',11);
insert into prononcer values ('A22','PHADD','JTON1',19);
insert into prononcer values ('A22','PHADD','JTON1',20);
insert into prononcer values ('A22','PHADD','JTON1',56);
insert into prononcer values ('A22','PHADD','JTORT',42);
insert into prononcer values ('A22','PHADD','JZAPO',11);
insert into prononcer values ('A22','PHADD','JZUT',4);
insert into prononcer values ('A22','PHADD','JZUT',36);
insert into prononcer values ('A22','PLAMP','JPOCH',52);
insert into prononcer values ('A22','PSPON','JMOUS',16);
insert into prononcer values ('A22','PTINT','JIVRO',4);
insert into prononcer values ('A22','PTINT','JMOND',58);
insert into prononcer values ('A22','PTOUR','J18',32);
insert into prononcer values ('A22','PTOUR','JAUNO',42);
insert into prononcer values ('A22','PTOUR','JSAPE',25);
insert into prononcer values ('A3','PANON','JGRED',49);
insert into prononcer values ('A3','PANON','JHORR',39);
insert into prononcer values ('A3','PANON','JMOND',39);
insert into prononcer values ('A3','PANON','JTON1',60);
insert into prononcer values ('A3','PANON','JTON2',30);
insert into prononcer values ('A3','PANON','JTON2',59);
insert into prononcer values ('A3','PANON','JTRAI',30);
insert into prononcer values ('A3','PANON','JZUT',58);
insert into prononcer values ('A3','PANOO','JCHIE',14);
insert into prononcer values ('A3','PANOO','JCRETI',16);
insert into prononcer values ('A3','PANOO','JIDIO',16);
insert into prononcer values ('A3','PANOO','JIMBE',16);
insert into prononcer values ('A3','PANOO','JMALH',47);
insert into prononcer values ('A3','PANOO','JMISE',48);
insert into prononcer values ('A3','PANOO','JSACRIL',48);
insert into prononcer values ('A3','PDUPD','JCRETI',25);
insert into prononcer values ('A3','PDUPD','JGRED',20);
insert into prononcer values ('A3','PDUPD','JTRIP',24);
insert into prononcer values ('A3','PDUPT','JCORNI',24);
insert into prononcer values ('A3','PDUPT','JSACRE',20);
insert into prononcer values ('A3','PDUPT','JSAPE',47);
insert into prononcer values ('A3','PDUPT','JSAPR',22);
insert into prononcer values ('A3','PFAKN','JINCA',41);
insert into prononcer values ('A3','PMILO','JFROU',19);
insert into prononcer values ('A3','PMILO','JHOMM',15);
insert into prononcer values ('A3','PMILO','JMISE',28);
insert into prononcer values ('A3','PPATR','JCHIE',15);
insert into prononcer values ('A3','PRAST','JCRETI',3);
insert into prononcer values ('A3','PRAST','JFREL',4);
insert into prononcer values ('A3','PRAST','JIMBE',3);
insert into prononcer values ('A3','PSICL','JBETE',42);
insert into prononcer values ('A3','PTHOM','JFICH',12);
insert into prononcer values ('A3','PTHOM','JTON2',10);
insert into prononcer values ('A3','PTINT','JGRED',59);
insert into prononcer values ('A3','PTINT','JHORR',59);
insert into prononcer values ('A3','PTINT','JLACH',16);
insert into prononcer values ('A3','PTINT','JMALH',36);
insert into prononcer values ('A3','PTINT','JMALH',58);
insert into prononcer values ('A3','PTINT','JMALH',60);
insert into prononcer values ('A3','PTINT','JMAPA',34);
insert into prononcer values ('A3','PTINT','JMOND',19);
insert into prononcer values ('A3','PTINT','JPIPE',17);
insert into prononcer values ('A3','PTINT','JSAPE',6);
insert into prononcer values ('A3','PTINT','JSAPR',14);
insert into prononcer values ('A3','PTINT','JSAPR',25);
insert into prononcer values ('A3','PTINT','JSAPR',32);
insert into prononcer values ('A3','PTINT','JSAPR',47);
insert into prononcer values ('A3','PTINT','JSAPR',54);
insert into prononcer values ('A3','PTINT','JSAPR',56);
insert into prononcer values ('A3','PTINT','JTON2',8);
insert into prononcer values ('A4','PANON','JCHIN',49);
insert into prononcer values ('A4','PANON','JIMBE',39);
insert into prononcer values ('A4','PANON','JINCA',41);
insert into prononcer values ('A4','PANON','JTON2',41);
insert into prononcer values ('A4','PANON','JTON2',49);
insert into prononcer values ('A4','PANON','JZUT',9);
insert into prononcer values ('A4','PANOO','JMAPA',54);
insert into prononcer values ('A4','PDAWS','JCRETI',35);
insert into prononcer values ('A4','PDAWS','JMALE',55);
insert into prononcer values ('A4','PDAWS','JTON2',33);
insert into prononcer values ('A4','PDAWS','JTON2',35);
insert into prononcer values ('A4','PDAWS','JTON2',51);
insert into prononcer values ('A4','PDUPD','JMOND',45);
insert into prononcer values ('A4','PDUPD','JMOND',46);
insert into prononcer values ('A4','PDUPD','JMOND',49);
insert into prononcer values ('A4','PDUPD','JSAPE',48);
insert into prononcer values ('A4','PDUPD','JSAPR',46);
insert into prononcer values ('A4','PDUPT','JFICH',45);
insert into prononcer values ('A4','PDUPT','JMOND',46);
insert into prononcer values ('A4','PDUPT','JZUT',50);
insert into prononcer values ('A4','PGIBB','JCHIN',6);
insert into prononcer values ('A4','PGIBB','JCHIN',7);
insert into prononcer values ('A4','PGIBB','JFREL',7);
insert into prononcer values ('A4','PGIBB','JGRED',29);
insert into prononcer values ('A4','PGIBB','JIMBE',6);
insert into prononcer values ('A4','PGIBB','JTON2',27);
insert into prononcer values ('A4','PJENG','JTON2',40);
insert into prononcer values ('A4','PMAHA','JMALH',4);
insert into prononcer values ('A4','PMAHA','JMOND',4);
insert into prononcer values ('A4','PMILO','JMAPA',24);
insert into prononcer values ('A4','PMITS','JSAMO',22);
insert into prononcer values ('A4','PMITS','JSAMO',25);
insert into prononcer values ('A4','PMITS','JSAMO',30);
insert into prononcer values ('A4','PMITS','JSAMO',48);
insert into prononcer values ('A4','PMITS','JSAMO',55);
insert into prononcer values ('A4','PMITS','JTON2',27);
insert into prononcer values ('A4','PMITS','JTONF',39);
insert into prononcer values ('A4','PTINT','JAUNO',32);
insert into prononcer values ('A4','PTINT','JBRUT',7);
insert into prononcer values ('A4','PTINT','JDIAB',12);
insert into prononcer values ('A4','PTINT','JMALH',3);
insert into prononcer values ('A4','PTINT','JMOND',31);
insert into prononcer values ('A4','PTINT','JSAPR',4);
insert into prononcer values ('A4','PTINT','JSAPR',21);
insert into prononcer values ('A4','PTINT','JSCEL',49);
insert into prononcer values ('A4','PTINT','JTON2',3);
insert into prononcer values ('A5','PALC1','JSAPR',29);
insert into prononcer values ('A5','PALC1','JSCEL',35);
insert into prononcer values ('A5','PALC1','JTON2',29);
insert into prononcer values ('A5','PALC1','JTON2',35);
insert into prononcer values ('A5','PALC1','JTON2',37);
insert into prononcer values ('A5','PALC1','JTRAI',35);
insert into prononcer values ('A5','PANON','JCARA',29);
insert into prononcer values ('A5','PANON','JDIAB',25);
insert into prononcer values ('A5','PANON','JMADR',28);
insert into prononcer values ('A5','PANOO','JCARA',21);
insert into prononcer values ('A5','PANOO','JCARA',37);
insert into prononcer values ('A5','PANOO','JCARA',38);
insert into prononcer values ('A5','PANOO','JCARA',39);
insert into prononcer values ('A5','PANOO','JCARA',45);
insert into prononcer values ('A5','PANOO','JSAPE',2);
insert into prononcer values ('A5','PBADA','JANIM',11);
insert into prononcer values ('A5','PBADA','JCARA',8);
insert into prononcer values ('A5','PBADA','JCARA',11);
insert into prononcer values ('A5','PBADA','JCARA',24);
insert into prononcer values ('A5','PBADA','JCARA',26);
insert into prononcer values ('A5','PBADA','JCARA',32);
insert into prononcer values ('A5','PBADA','JCARA',53);
insert into prononcer values ('A5','PBADA','JGROS',5);
insert into prononcer values ('A5','PBADA','JIMBE',5);
insert into prononcer values ('A5','PBADA','JMALH',11);
insert into prononcer values ('A5','PPERE','JBETE',12);
insert into prononcer values ('A5','PPERE','JCARA',12);
insert into prononcer values ('A5','PPERE','JCARA',16);
insert into prononcer values ('A5','PPERE','JCARA',54);
insert into prononcer values ('A5','PPERE','JGRED',12);
insert into prononcer values ('A5','PPERE','JIMBE',11);
insert into prononcer values ('A5','PPERE','JMALH',11);
insert into prononcer values ('A5','PPERR','JCARA',11);
insert into prononcer values ('A5','PPERR','JGROS',5);
insert into prononcer values ('A5','PPERR','JGROS',6);
insert into prononcer values ('A5','PPERR','JGROS',7);
insert into prononcer values ('A5','PPERR','JGROS',9);
insert into prononcer values ('A5','PPERR','JGROS',11);
insert into prononcer values ('A5','PRIGD','JGRED',52);
insert into prononcer values ('A5','PRIGD','JIMBE',52);
insert into prononcer values ('A5','PTINT','JDIAB',33);
insert into prononcer values ('A5','PTINT','JGRED',9);
insert into prononcer values ('A5','PTINT','JLACH',48);
insert into prononcer values ('A5','PTINT','JMOND',5);
insert into prononcer values ('A5','PTINT','JMOND',7);
insert into prononcer values ('A5','PTINT','JSAPE',38);
insert into prononcer values ('A5','PTINT','JSAPR',23);
insert into prononcer values ('A6','PANON','JTRAI',59);
insert into prononcer values ('A6','PANON','JZUT',50);
insert into prononcer values ('A6','PANOO','JMALH',21);
insert into prononcer values ('A6','PANOO','JMAPA',22);
insert into prononcer values ('A6','PANOO','JMISE',22);
insert into prononcer values ('A6','PANOO','JSAPR',19);
insert into prononcer values ('A6','PANOO','JTON2',19);
insert into prononcer values ('A6','PDUPD','JMISE',37);
insert into prononcer values ('A6','PDUPT','JCANAI',37);
insert into prononcer values ('A6','PDUPT','JGAIL',12);
insert into prononcer values ('A6','PMULL','JBIGR',10);
insert into prononcer values ('A6','PMULL','JMALE',17);
insert into prononcer values ('A6','PMULL','JMALE',18);
insert into prononcer values ('A6','PMULL','JMALE',21);
insert into prononcer values ('A6','PMULL','JMAPA',25);
insert into prononcer values ('A6','PMULL','JTON2',24);
insert into prononcer values ('A6','PMULL','JTON2',36);
insert into prononcer values ('A6','PTINT','JBAND',48);
insert into prononcer values ('A6','PTINT','JCIEL',44);
insert into prononcer values ('A6','PTINT','JCOQU',10);
insert into prononcer values ('A6','PTINT','JFROU',54);
insert into prononcer values ('A6','PTINT','JGAIL',27);
insert into prononcer values ('A6','PTINT','JGRED',12);
insert into prononcer values ('A6','PTINT','JMAPA',11);
insert into prononcer values ('A6','PTINT','JMAPA',35);
insert into prononcer values ('A6','PTINT','JMOND',18);
insert into prononcer values ('A6','PTINT','JMOND',45);
insert into prononcer values ('A6','PTINT','JSAPR',12);
insert into prononcer values ('A6','PTINT','JSAPR',30);
insert into prononcer values ('A6','PTINT','JSAPR',31);
insert into prononcer values ('A6','PTINT','JSAPR',42);
insert into prononcer values ('A6','PTINT','JSAPR',54);
insert into prononcer values ('A6','PTINT','JTON2',33);
insert into prononcer values ('A6','PTINT','JTON2',56);
insert into prononcer values ('A6','PTINT','JZUT',6);
insert into prononcer values ('A6','PTINT','JZUT',28);
insert into prononcer values ('A6','PTINT','JZUT',30);
insert into prononcer values ('A6','PTINT','JZUT',57);
insert into prononcer values ('A7','PANON','JMOND',7);
insert into prononcer values ('A7','PANON','JTON2',27);
insert into prononcer values ('A7','PANON','JTON2',33);
insert into prononcer values ('A7','PANON','JTON2',51);
insert into prononcer values ('A7','PHALAN','JMOND',2);
insert into prononcer values ('A7','PMILO','JSAPR',33);
insert into prononcer values ('A7','PMUSK','JSEPT',44);
insert into prononcer values ('A7','PTINT','JMOND',57);
insert into prononcer values ('A7','PTINT','JMOND',61);
insert into prononcer values ('A7','PTINT','JSAPE',47);
insert into prononcer values ('A7','PTINT','JSAPR',4);
insert into prononcer values ('A7','PTINT','JSAPR',42);
insert into prononcer values ('A7','PTINT','JSAPR',54);
insert into prononcer values ('A7','PTINT','JSAPR',56);
insert into prononcer values ('A8','PANON','J7',36);
insert into prononcer values ('A8','PANON','J7',51);
insert into prononcer values ('A8','PANON','JCHIE',51);
insert into prononcer values ('A8','PANON','JMALC',23);
insert into prononcer values ('A8','PANON','JMEND',51);
insert into prononcer values ('A8','PANON','JVERMIN',51);
insert into prononcer values ('A8','PANON','JVERS',51);
insert into prononcer values ('A8','PANOO','JMAPA',60);
insert into prononcer values ('A8','PANOO','JTON2',42);
insert into prononcer values ('A8','PBENS','J7',56);
insert into prononcer values ('A8','PBENS','JCHIE',56);
insert into prononcer values ('A8','PDUPD','JSAPR',4);
insert into prononcer values ('A8','PDUPT','JSAPR',3);
insert into prononcer values ('A8','PHADD','JANTH',56);
insert into prononcer values ('A8','PHADD','JARLE',56);
insert into prononcer values ('A8','PHADD','JAZTH',37);
insert into prononcer values ('A8','PHADD','JBONS',38);
insert into prononcer values ('A8','PHADD','JBRUT',22);
insert into prononcer values ('A8','PHADD','JCANAQ',56);
insert into prononcer values ('A8','PHADD','JCANN',22);
insert into prononcer values ('A8','PHADD','JCANN',37);
insert into prononcer values ('A8','PHADD','JCANN',56);
insert into prononcer values ('A8','PHADD','JCANN',58);
insert into prononcer values ('A8','PHADD','JCORS',56);
insert into prononcer values ('A8','PHADD','JDIAB',20);
insert into prononcer values ('A8','PHADD','JDIAB',24);
insert into prononcer values ('A8','PHADD','JDIAB',30);
insert into prononcer values ('A8','PHADD','JDIAB',34);
insert into prononcer values ('A8','PHADD','JDORY',56);
insert into prononcer values ('A8','PHADD','JEMPL',37);
insert into prononcer values ('A8','PHADD','JEMPL',56);
insert into prononcer values ('A8','PHADD','JESCL',55);
insert into prononcer values ('A8','PHADD','JFROU',38);
insert into prononcer values ('A8','PHADD','JGRED',36);
insert into prononcer values ('A8','PHADD','JGREN',37);
insert into prononcer values ('A8','PHADD','JGYRO',56);
insert into prononcer values ('A8','PHADD','JHERE',55);
insert into prononcer values ('A8','PHADD','JHYDR',56);
insert into prononcer values ('A8','PHADD','JICON',37);
insert into prononcer values ('A8','PHADD','JICON',56);
insert into prononcer values ('A8','PHADD','JINVE',57);
insert into prononcer values ('A8','PHADD','JJUSD',57);
insert into prononcer values ('A8','PHADD','JLACH',22);
insert into prononcer values ('A8','PHADD','JMACA',38);
insert into prononcer values ('A8','PHADD','JMALH',20);
insert into prononcer values ('A8','PHADD','JMALH',27);
insert into prononcer values ('A8','PHADD','JMARC1',37);
insert into prononcer values ('A8','PHADD','JMILL',42);
insert into prononcer values ('A8','PHADD','JMOND',10);
insert into prononcer values ('A8','PHADD','JMOND',20);
insert into prononcer values ('A8','PHADD','JMOND',24);
insert into prononcer values ('A8','PHADD','JMOND',54);
insert into prononcer values ('A8','PHADD','JMOUL',38);
insert into prononcer values ('A8','PHADD','JNOIX',56);
insert into prononcer values ('A8','PHADD','JPALT',57);
insert into prononcer values ('A8','PHADD','JPARAS',38);
insert into prononcer values ('A8','PHADD','JPIRA',56);
insert into prononcer values ('A8','PHADD','JRENE',55);
insert into prononcer values ('A8','PHADD','JSACRIP',55);
insert into prononcer values ('A8','PHADD','JSAUV',37);
insert into prononcer values ('A8','PHADD','JTCHO',37);
insert into prononcer values ('A8','PHADD','JTECH',55);
insert into prononcer values ('A8','PHADD','JTROG',37);
insert into prononcer values ('A8','PHADD','JVAMP',58);
insert into prononcer values ('A8','PHADD','JVANU',37);
insert into prononcer values ('A8','PHADD','JZOUA',56);
insert into prononcer values ('A8','PMILO','JBRUT',30);
insert into prononcer values ('A8','PMILO','JMOND',14);
insert into prononcer values ('A8','PMILO','JSAPR',30);
insert into prononcer values ('A8','PTHOM','JCANAI',17);
insert into prononcer values ('A8','PTHOM','JGRED',24);
insert into prononcer values ('A8','PTHOM','JIDIO',13);
insert into prononcer values ('A8','PTHOM','JIMBE',13);
insert into prononcer values ('A8','PTHOM','JIVRO',14);
insert into prononcer values ('A8','PTHOM','JMALE',60);
insert into prononcer values ('A8','PTHOM','JMALH',9);
insert into prononcer values ('A8','PTHOM','JTON2',16);
insert into prononcer values ('A8','PTHOM','JTON2',43);
insert into prononcer values ('A8','PTHOM','JTON2',59);
insert into prononcer values ('A8','PTINT','JBAND',11);
insert into prononcer values ('A8','PTINT','JCIEL',51);
insert into prononcer values ('A8','PTINT','JCOQU',52);
insert into prononcer values ('A8','PTINT','JHORR',9);
insert into prononcer values ('A8','PTINT','JHORR',26);
insert into prononcer values ('A8','PTINT','JMALH',25);
insert into prononcer values ('A8','PTINT','JMALH',31);
insert into prononcer values ('A8','PTINT','JMOND',25);
insert into prononcer values ('A8','PTINT','JMOND',26);
insert into prononcer values ('A8','PTINT','JMOND',33);
insert into prononcer values ('A8','PTINT','JMOND',45);
insert into prononcer values ('A8','PTINT','JMOND',60);
insert into prononcer values ('A8','PTINT','JSAPR',7);
insert into prononcer values ('A8','PTINT','JSAPR',36);
insert into prononcer values ('A8','PTINT','JSAPR',45);
insert into prononcer values ('A8','PTINT','JSAPR',51);
insert into prononcer values ('A8','PTINT','JSAPR',52);
insert into prononcer values ('A8','PTINT','JZUT',60);
insert into prononcer values ('A9','PANON','JMALE',46);
insert into prononcer values ('A9','PANON','JMALE',48);
insert into prononcer values ('A9','PANON','JTON2',46);
insert into prononcer values ('A9','PANOO','JAUNO',60);
insert into prononcer values ('A9','PANOO','JMALE',32);
insert into prononcer values ('A9','PANOO','JMALH',61);
insert into prononcer values ('A9','PANOO','JSAPR',39);
insert into prononcer values ('A9','PANOO','JSAPR',49);
insert into prononcer values ('A9','PANOO','JSAPR',53);
insert into prononcer values ('A9','PBOHL','JMALA',26);
insert into prononcer values ('A9','PCALY','JGALO',10);
insert into prononcer values ('A9','PCALY','JINCA',10);
insert into prononcer values ('A9','PCALY','JMOND',26);
insert into prononcer values ('A9','PCALY','JSATU',12);
insert into prononcer values ('A9','PCALY','JSATU',13);
insert into prononcer values ('A9','PCHES','JMOND',30);
insert into prononcer values ('A9','PHADD','JACCA',30);
insert into prononcer values ('A9','PHADD','JBAND',16);
insert into prononcer values ('A9','PHADD','JBAND',40);
insert into prononcer values ('A9','PHADD','JCATACH',40);
insert into prononcer values ('A9','PHADD','JCHAU',26);
insert into prononcer values ('A9','PHADD','JCLOP',40);
insert into prononcer values ('A9','PHADD','JCOLO',30);
insert into prononcer values ('A9','PHADD','JECTO',41);
insert into prononcer values ('A9','PHADD','JFLIB',26);
insert into prononcer values ('A9','PHADD','JFORB',41);
insert into prononcer values ('A9','PHADD','JGRED',16);
insert into prononcer values ('A9','PHADD','JHORS',26);
insert into prononcer values ('A9','PHADD','JJUDA',30);
insert into prononcer values ('A9','PHADD','JJUDA',40);
insert into prononcer values ('A9','PHADD','JMALE',32);
insert into prononcer values ('A9','PHADD','JMAPA',43);
insert into prononcer values ('A9','PHADD','JMARI2',26);
insert into prononcer values ('A9','PHADD','JMERCA',30);
insert into prononcer values ('A9','PHADD','JMILL',19);
insert into prononcer values ('A9','PHADD','JMILL',30);
insert into prononcer values ('A9','PHADD','JMILL',32);
insert into prononcer values ('A9','PHADD','JMILL',34);
insert into prononcer values ('A9','PHADD','JMILL',37);
insert into prononcer values ('A9','PHADD','JMILL',38);
insert into prononcer values ('A9','PHADD','JMILL',40);
insert into prononcer values ('A9','PHADD','JMILL',43);
insert into prononcer values ('A9','PHADD','JMISE',16);
insert into prononcer values ('A9','PHADD','JMOND',44);
insert into prononcer values ('A9','PHADD','JMOUJ',40);
insert into prononcer values ('A9','PHADD','JNAUF',26);
insert into prononcer values ('A9','PHADD','JNAUF',40);
insert into prononcer values ('A9','PHADD','JOPHI',30);
insert into prononcer values ('A9','PHADD','JPANT',26);
insert into prononcer values ('A9','PHADD','JPAPO',40);
insert into prononcer values ('A9','PHADD','JPATAP',40);
insert into prononcer values ('A9','PHADD','JPIPE',20);
insert into prononcer values ('A9','PHADD','JPIRA',26);
insert into prononcer values ('A9','PHADD','JPIRA',32);
insert into prononcer values ('A9','PHADD','JRENE',40);
insert into prononcer values ('A9','PHADD','JRHIZ',40);
insert into prononcer values ('A9','PHADD','JSCEL',40);
insert into prononcer values ('A9','PHADD','JSEMA',29);
insert into prononcer values ('A9','PHADD','JTON1',17);
insert into prononcer values ('A9','PHADD','JTON1',19);
insert into prononcer values ('A9','PHADD','JTON1',21);
insert into prononcer values ('A9','PHADD','JTON1',25);
insert into prononcer values ('A9','PHADD','JTON1',26);
insert into prononcer values ('A9','PHADD','JTON1',29);
insert into prononcer values ('A9','PHADD','JTON1',34);
insert into prononcer values ('A9','PHADD','JTON1',36);
insert into prononcer values ('A9','PHADD','JTON1',37);
insert into prononcer values ('A9','PHADD','JTON1',41);
insert into prononcer values ('A9','PHADD','JTON1',43);
insert into prononcer values ('A9','PHADD','JTON1',62);
insert into prononcer values ('A9','PHADD','JTON2',37);
insert into prononcer values ('A9','PHADD','JTRAI',40);
insert into prononcer values ('A9','PHADD','JVOLE',30);
insert into prononcer values ('A9','PMILO','JMALP',2);
insert into prononcer values ('A9','PPHIL','JMALE',19);
insert into prononcer values ('A9','PTINT','JBETE',53);
insert into prononcer values ('A9','PTINT','JCIEL',5);
insert into prononcer values ('A9','PTINT','JCIEL',57);
insert into prononcer values ('A9','PTINT','JHORR',25);
insert into prononcer values ('A9','PTINT','JMALE',7);
insert into prononcer values ('A9','PTINT','JMALE',15);
insert into prononcer values ('A9','PTINT','JMALH',16);
insert into prononcer values ('A9','PTINT','JMALH',47);
insert into prononcer values ('A9','PTINT','JMAPA',52);
insert into prononcer values ('A9','PTINT','JMAPA',54);
insert into prononcer values ('A9','PTINT','JMOND',4);
insert into prononcer values ('A9','PTINT','JMOND',7);
insert into prononcer values ('A9','PTINT','JMOND',9);
insert into prononcer values ('A9','PTINT','JMOND',19);
insert into prononcer values ('A9','PTINT','JMOND',25);
insert into prononcer values ('A9','PTINT','JMOND',55);
insert into prononcer values ('A9','PTINT','JMOND',58);
insert into prononcer values ('A9','PTINT','JSAPE',12);
insert into prononcer values ('A9','PTINT','JSAPR',8);
insert into prononcer values ('A9','PTINT','JSAPR',24);
insert into prononcer values ('A9','PTINT','JZUT',55);
insert into prononcer values ('A9','PTINT','JZUT',60);

insert into derouler values ('A1','BEL');
insert into derouler values ('A1','CON');
insert into derouler values ('A10','ATL');
insert into derouler values ('A10','BEL');
insert into derouler values ('A11','ATL');
insert into derouler values ('A11','BEL');
insert into derouler values ('A12','BEL');
insert into derouler values ('A12','FRA');
insert into derouler values ('A12','PER');
insert into derouler values ('A13','PER');
insert into derouler values ('A14','BEL');
insert into derouler values ('A14','KHE');
insert into derouler values ('A15','BEL');
insert into derouler values ('A15','SYL');
insert into derouler values ('A16','LUN');
insert into derouler values ('A16','SYL');
insert into derouler values ('A17','BEL');
insert into derouler values ('A17','BOR');
insert into derouler values ('A17','SUI');
insert into derouler values ('A18','BEL');
insert into derouler values ('A18','KHE');
insert into derouler values ('A19','FRA');
insert into derouler values ('A19','IN1');
insert into derouler values ('A19','NEP');
insert into derouler values ('A19','TIB');
insert into derouler values ('A2','AME');
insert into derouler values ('A20','BEL');
insert into derouler values ('A21','IN2');
insert into derouler values ('A22','BEL');
insert into derouler values ('A22','SAN');
insert into derouler values ('A3','ARA');
insert into derouler values ('A3','EGY');
insert into derouler values ('A3','IN1');
insert into derouler values ('A4','CHI');
insert into derouler values ('A4','IN1');
insert into derouler values ('A5','BEL');
insert into derouler values ('A5','SAN');
insert into derouler values ('A6','BEL');
insert into derouler values ('A6','ROY');
insert into derouler values ('A7','BEL');
insert into derouler values ('A7','SYL');
insert into derouler values ('A8','BEL');
insert into derouler values ('A8','SAH');
insert into derouler values ('A9','BEL');
insert into derouler values ('A9','ISL');

insert into participer values ('A1','PANON');
insert into participer values ('A1','PANOO');
insert into participer values ('A1','PBABA');
insert into participer values ('A1','PCOCO');
insert into participer values ('A1','PDUPD');
insert into participer values ('A1','PDUPT');
insert into participer values ('A1','PGIBB');
insert into participer values ('A1','PMILO');
insert into participer values ('A1','PMUGA');
insert into participer values ('A1','PPERR');
insert into participer values ('A1','PTINT');
insert into participer values ('A1','PTOM');
insert into participer values ('A10','PANON');
insert into participer values ('A10','PANOO');
insert into participer values ('A10','PDUPD');
insert into participer values ('A10','PDUPT');
insert into participer values ('A10','PFILO');
insert into participer values ('A10','PHAD2');
insert into participer values ('A10','PHADD');
insert into participer values ('A10','PLOIS');
insert into participer values ('A10','PMILO');
insert into participer values ('A10','PNEST');
insert into participer values ('A10','PRACK');
insert into participer values ('A10','PTINT');
insert into participer values ('A11','PANON');
insert into participer values ('A11','PANOO');
insert into participer values ('A11','PDUPD');
insert into participer values ('A11','PDUPT');
insert into participer values ('A11','PHADD');
insert into participer values ('A11','PMILO');
insert into participer values ('A11','PPERR');
insert into participer values ('A11','PTINT');
insert into participer values ('A11','PTOUR');
insert into participer values ('A12','PALC1');
insert into participer values ('A12','PANON');
insert into participer values ('A12','PANOO');
insert into participer values ('A12','PBERG');
insert into participer values ('A12','PCANT');
insert into participer values ('A12','PCAST');
insert into participer values ('A12','PCHAR');
insert into participer values ('A12','PCHIQ');
insert into participer values ('A12','PDUPD');
insert into participer values ('A12','PDUPT');
insert into participer values ('A12','PFAKO');
insert into participer values ('A12','PHADD');
insert into participer values ('A12','PHORN');
insert into participer values ('A12','PMILO');
insert into participer values ('A12','PNEST');
insert into participer values ('A12','PTINT');
insert into participer values ('A12','PTOUR');
insert into participer values ('A13','PANON');
insert into participer values ('A13','PANOO');
insert into participer values ('A13','PBERG');
insert into participer values ('A13','PCANT');
insert into participer values ('A13','PCHAR');
insert into participer values ('A13','PCHIQ');
insert into participer values ('A13','PCLAI');
insert into participer values ('A13','PDUPD');
insert into participer values ('A13','PDUPT');
insert into participer values ('A13','PHADD');
insert into participer values ('A13','PHORN');
insert into participer values ('A13','PHUAS');
insert into participer values ('A13','PLAUB');
insert into participer values ('A13','PMILO');
insert into participer values ('A13','PNOBL');
insert into participer values ('A13','PSAND');
insert into participer values ('A13','PTINT');
insert into participer values ('A13','PTOUR');
insert into participer values ('A13','PZORR');
insert into participer values ('A14','PABDA');
insert into participer values ('A14','PANON');
insert into participer values ('A14','PANOO');
insert into participer values ('A14','PBABE');
insert into participer values ('A14','PBENK');
insert into participer values ('A14','PDAFI');
insert into participer values ('A14','PDUPD');
insert into participer values ('A14','PDUPT');
insert into participer values ('A14','PHADD');
insert into participer values ('A14','PMILO');
insert into participer values ('A14','PMULL');
insert into participer values ('A14','PNEST');
insert into participer values ('A14','PTINT');
insert into participer values ('A15','PANON');
insert into participer values ('A15','PANOO');
insert into participer values ('A15','PBAXT');
insert into participer values ('A15','PDUPD');
insert into participer values ('A15','PDUPT');
insert into participer values ('A15','PHADD');
insert into participer values ('A15','PJORG');
insert into participer values ('A15','PMILL');
insert into participer values ('A15','PMILO');
insert into participer values ('A15','PNEST');
insert into participer values ('A15','PTINT');
insert into participer values ('A15','PTOUR');
insert into participer values ('A15','PWOLF');
insert into participer values ('A16','PANON');
insert into participer values ('A16','PANOO');
insert into participer values ('A16','PBAXT');
insert into participer values ('A16','PDUPD');
insert into participer values ('A16','PDUPT');
insert into participer values ('A16','PHADD');
insert into participer values ('A16','PJORG');
insert into participer values ('A16','PMILL');
insert into participer values ('A16','PMILO');
insert into participer values ('A16','PTINT');
insert into participer values ('A16','PTOUR');
insert into participer values ('A16','PWOLF');
insert into participer values ('A17','PANON');
insert into participer values ('A17','PANOO');
insert into participer values ('A17','PCAST');
insert into participer values ('A17','PDUPD');
insert into participer values ('A17','PDUPT');
insert into participer values ('A17','PHADD');
insert into participer values ('A17','PIRMA');
insert into participer values ('A17','PLAMP');
insert into participer values ('A17','PMILO');
insert into participer values ('A17','PNEST');
insert into participer values ('A17','PSANZ');
insert into participer values ('A17','PSPON');
insert into participer values ('A17','PSZPR');
insert into participer values ('A17','PTINT');
insert into participer values ('A17','PTOPO');
insert into participer values ('A17','PTOUR');
insert into participer values ('A17','PWAGN');
insert into participer values ('A18','PABDA');
insert into participer values ('A18','PAHME');
insert into participer values ('A18','PALC1');
insert into participer values ('A18','PANON');
insert into participer values ('A18','PANOO');
insert into participer values ('A18','PBENK');
insert into participer values ('A18','PCAST');
insert into participer values ('A18','PDAFI');
insert into participer values ('A18','PDAWS');
insert into participer values ('A18','PDUPD');
insert into participer values ('A18','PDUPT');
insert into participer values ('A18','PHADD');
insert into participer values ('A18','PLAMP');
insert into participer values ('A18','PMILO');
insert into participer values ('A18','PNEST');
insert into participer values ('A18','PPACH');
insert into participer values ('A18','PRAST');
insert into participer values ('A18','PSZUT');
insert into participer values ('A18','PTHOM');
insert into participer values ('A18','PTINT');
insert into participer values ('A18','PTOUR');
insert into participer values ('A19','PANON');
insert into participer values ('A19','PANOO');
insert into participer values ('A19','PFOUD');
insert into participer values ('A19','PHADD');
insert into participer values ('A19','PLIKI');
insert into participer values ('A19','PMILO');
insert into participer values ('A19','PTCHO');
insert into participer values ('A19','PTHAR');
insert into participer values ('A19','PTINT');
insert into participer values ('A19','PTOUR');
insert into participer values ('A19','PYETI');
insert into participer values ('A2','PALCA');
insert into participer values ('A2','PANON');
insert into participer values ('A2','PANOO');
insert into participer values ('A2','PMILO');
insert into participer values ('A2','PSMIL');
insert into participer values ('A2','PTAUP');
insert into participer values ('A2','PTINT');
insert into participer values ('A20','PANON');
insert into participer values ('A20','PANOO');
insert into participer values ('A20','PBATT');
insert into participer values ('A20','PBOUL');
insert into participer values ('A20','PCAST');
insert into participer values ('A20','PDUPD');
insert into participer values ('A20','PDUPT');
insert into participer values ('A20','PHADD');
insert into participer values ('A20','PIRMA');
insert into participer values ('A20','PLAMP');
insert into participer values ('A20','PMIAR');
insert into participer values ('A20','PMILO');
insert into participer values ('A20','PNEST');
insert into participer values ('A20','PPERR');
insert into participer values ('A20','PRIZO');
insert into participer values ('A20','PSANZ');
insert into participer values ('A20','PTINT');
insert into participer values ('A20','PTOUR');
insert into participer values ('A20','PWAGN');
insert into participer values ('A21','PANON');
insert into participer values ('A21','PANOO');
insert into participer values ('A21','PCARR');
insert into participer values ('A21','PEZDA');
insert into participer values ('A21','PHADD');
insert into participer values ('A21','PKROL');
insert into participer values ('A21','PLAMP');
insert into participer values ('A21','PMILO');
insert into participer values ('A21','PRAST');
insert into participer values ('A21','PSPAL');
insert into participer values ('A21','PSZUT');
insert into participer values ('A21','PTHOM');
insert into participer values ('A21','PTINT');
insert into participer values ('A21','PTOUR');
insert into participer values ('A22','PALC1');
insert into participer values ('A22','PALC2');
insert into participer values ('A22','PALVA');
insert into participer values ('A22','PANON');
insert into participer values ('A22','PANOO');
insert into participer values ('A22','PBATT');
insert into participer values ('A22','PCAST');
insert into participer values ('A22','PDUPD');
insert into participer values ('A22','PDUPT');
insert into participer values ('A22','PHADD');
insert into participer values ('A22','PIRMA');
insert into participer values ('A22','PLAMP');
insert into participer values ('A22','PMILO');
insert into participer values ('A22','PNEST');
insert into participer values ('A22','PPABL');
insert into participer values ('A22','PRIGD');
insert into participer values ('A22','PRIZO');
insert into participer values ('A22','PSANZ');
insert into participer values ('A22','PSPON');
insert into participer values ('A22','PTAPI');
insert into participer values ('A22','PTINT');
insert into participer values ('A22','PTOUR');
insert into participer values ('A22','PWAGN');
insert into participer values ('A3','PANON');
insert into participer values ('A3','PANOO');
insert into participer values ('A3','PDAFI');
insert into participer values ('A3','PDUPD');
insert into participer values ('A3','PDUPT');
insert into participer values ('A3','PFAKN');
insert into participer values ('A3','PMAHA');
insert into participer values ('A3','PMILO');
insert into participer values ('A3','PPATR');
insert into participer values ('A3','PRAST');
insert into participer values ('A3','PSICL');
insert into participer values ('A3','PTHOM');
insert into participer values ('A3','PTINT');
insert into participer values ('A4','PANON');
insert into participer values ('A4','PANOO');
insert into participer values ('A4','PDAWS');
insert into participer values ('A4','PDIDI');
insert into participer values ('A4','PDUPD');
insert into participer values ('A4','PDUPT');
insert into participer values ('A4','PGIBB');
insert into participer values ('A4','PJENG');
insert into participer values ('A4','PMAHA');
insert into participer values ('A4','PMILO');
insert into participer values ('A4','PMITS');
insert into participer values ('A4','PRAST');
insert into participer values ('A4','PTCHO');
insert into participer values ('A4','PTINT');
insert into participer values ('A5','PALC1');
insert into participer values ('A5','PANON');
insert into participer values ('A5','PANOO');
insert into participer values ('A5','PBADA');
insert into participer values ('A5','PBAZA');
insert into participer values ('A5','PCHIC');
insert into participer values ('A5','PDIAZ');
insert into participer values ('A5','PDUPD');
insert into participer values ('A5','PDUPT');
insert into participer values ('A5','PMILO');
insert into participer values ('A5','PPABL');
insert into participer values ('A5','PPERE');
insert into participer values ('A5','PPERR');
insert into participer values ('A5','PRIGD');
insert into participer values ('A5','PTINT');
insert into participer values ('A5','PTORT');
insert into participer values ('A6','PANON');
insert into participer values ('A6','PANOO');
insert into participer values ('A6','PDUPD');
insert into participer values ('A6','PDUPT');
insert into participer values ('A6','PMILO');
insert into participer values ('A6','PMULL');
insert into participer values ('A6','PRANK');
insert into participer values ('A6','PTINT');
insert into participer values ('A7','PANON');
insert into participer values ('A7','PANOO');
insert into participer values ('A7','PCAST');
insert into participer values ('A7','PDUPD');
insert into participer values ('A7','PDUPT');
insert into participer values ('A7','PHALAA');
insert into participer values ('A7','PHALAN');
insert into participer values ('A7','PJORG');
insert into participer values ('A7','PMILO');
insert into participer values ('A7','PMUSK');
insert into participer values ('A7','PTINT');
insert into participer values ('A7','PWAGN');
insert into participer values ('A8','PANON');
insert into participer values ('A8','PANOO');
insert into participer values ('A8','PBENS');
insert into participer values ('A8','PDUPD');
insert into participer values ('A8','PDUPT');
insert into participer values ('A8','PHADD');
insert into participer values ('A8','PMILO');
insert into participer values ('A8','PTHOM');
insert into participer values ('A8','PTINT');
insert into participer values ('A9','PANON');
insert into participer values ('A9','PANOO');
insert into participer values ('A9','PBOHL');
insert into participer values ('A9','PCALY');
insert into participer values ('A9','PCANT');
insert into participer values ('A9','PCHES');
insert into participer values ('A9','PHADD');
insert into participer values ('A9','PMILO');
insert into participer values ('A9','PPHIL');
insert into participer values ('A9','PTINT');


