INSERT INTO classe (classeId, libelle) VALUES (1, 'STS1');
INSERT INTO classe (classeId, libelle) VALUES (2, 'STS2');
INSERT INTO classe (classeId, libelle) VALUES (3, 'IGAP1');
INSERT INTO classe (classeId, libelle) VALUES (4, 'IGAP2');
INSERT INTO classe (classeId, libelle) VALUES (5, 'T S');
INSERT INTO classe (classeId, libelle) VALUES (6, 'T L');
INSERT INTO classe (classeId, libelle) VALUES (7, 'T ES');
INSERT INTO classe (classeId, libelle) VALUES (8, 'T STG');
INSERT INTO classe (classeId, libelle) VALUES (9, 'T STSS');
INSERT INTO classe (classeId, libelle) VALUES (10, 'T ST2S');
INSERT INTO classe (classeId, libelle) VALUES (11, '1ere S');
INSERT INTO classe (classeId, libelle) VALUES (12, '1ere ES');
INSERT INTO classe (classeId, libelle) VALUES (13, '1ere L');
INSERT INTO classe (classeId, libelle) VALUES (14, '1ere STG');
INSERT INTO classe (classeId, libelle) VALUES (15, '1ere STSS');
INSERT INTO classe (classeId, libelle) VALUES (16, '1ere ST2S');
INSERT INTO classe (classeId, libelle) VALUES (17, '2nde 1');
INSERT INTO classe (classeId, libelle) VALUES (18, '2nde 2');
INSERT INTO classe (classeId, libelle) VALUES (19, '2nde 3');
INSERT INTO classe (classeId, libelle) VALUES (20, '2nde 4');


INSERT INTO cours (coursId, libelle) VALUES (1, 'Français');
INSERT INTO cours (coursId, libelle) VALUES (2, 'Mathématiques');
INSERT INTO cours (coursId, libelle) VALUES (3, 'SI4 Base de la programmation');
INSERT INTO cours (coursId, libelle) VALUES (4, 'SI3 Exploitation des données');
INSERT INTO cours (coursId, libelle) VALUES (5, 'SI1 Support système des accès utilisateurs');
INSERT INTO cours (coursId, libelle) VALUES (6, 'SI2 Support réseau des accès utilisateurs');
INSERT INTO cours (coursId, libelle) VALUES (7, 'SI5 Support des services et des serveurs');
INSERT INTO cours (coursId, libelle) VALUES (8, 'SI6 Développement d''application');
INSERT INTO cours (coursId, libelle) VALUES (9, 'SI7 Intégration et adaptation des services');
INSERT INTO cours (coursId, libelle) VALUES (10, 'SISR1 Maintenance des accès utilisateurs');
INSERT INTO cours (coursId, libelle) VALUES (11, 'SISR2 Conception des infrastructures réseaux');
INSERT INTO cours (coursId, libelle) VALUES (12, 'SISR 3 Exploitation des services');
INSERT INTO cours (coursId, libelle) VALUES (13, 'SISR4 Administration des systèmes');
INSERT INTO cours (coursId, libelle) VALUES (14, 'SISR5 Supervision des réseaux');
INSERT INTO cours (coursId, libelle) VALUES (15, 'SLAM1 Exploitation d''un schéma de données');
INSERT INTO cours (coursId, libelle) VALUES (16, 'SLAM2 Programmation objet');
INSERT INTO cours (coursId, libelle) VALUES (17, 'SLAM3 Conception et adaptation d''une base de données');
INSERT INTO cours (coursId, libelle) VALUES (18, 'SLAM4 Réalisation et maintenance de composants logiciels');
INSERT INTO cours (coursId, libelle) VALUES (19, 'SLAM5 Conception et adaptation de solution applicatives');
INSERT INTO cours (coursId, libelle) VALUES (20, 'PPE Projets personnalisés');
INSERT INTO cours (coursId, libelle) VALUES (21, 'Anglais');
INSERT INTO cours (coursId, libelle) VALUES (22, 'Allemand');
INSERT INTO cours (coursId, libelle) VALUES (23, 'Espagnol');
INSERT INTO cours (coursId, libelle) VALUES (24, 'Physique Chimie');
INSERT INTO cours (coursId, libelle) VALUES (25, 'Sciences et vie de la terre');
INSERT INTO cours (coursId, libelle) VALUES (26, 'PFEG Principes fondamentaux de l''économie et de la gestion');
INSERT INTO cours (coursId, libelle) VALUES (27, 'EDM Eco droit Management');
INSERT INTO cours (coursId, libelle) VALUES (28, 'AP Aide personnalisée');
INSERT INTO cours (coursId, libelle) VALUES (29, 'Histoire Géographie');


INSERT INTO enseignant (enseignantId, login, mp, nom, prenom) VALUES (1, 'sparis', 'toto', 'PARIS', 'Stéphane');
INSERT INTO enseignant (enseignantId, login, mp, nom, prenom) VALUES (2, 'mlinon', 'perruche', 'LINON', 'Marie');
INSERT INTO enseignant (enseignantId, login, mp, nom, prenom) VALUES (3, 'jhenri', 'petshop', 'HENRI', 'Jacques');
INSERT INTO enseignant (enseignantId, login, mp, nom, prenom) VALUES (4, 'sduval', 'les3cas', 'DUVAL', 'Stéphanie');
INSERT INTO enseignant (enseignantId, login, mp, nom, prenom) VALUES (5, 'mdurand', 'pierreetjeanne', 'DURAND', 'Marc');
INSERT INTO enseignant (enseignantId, login, mp, nom, prenom) VALUES (6, 'alechamp', 'theophile', 'LECHAMP', 'Aurélie');
INSERT INTO enseignant (enseignantId, login, mp, nom, prenom) VALUES (7, 'sdupont', 'dupont', 'DUPONT', 'Sébastien');
INSERT INTO enseignant (enseignantId, login, mp, nom, prenom) VALUES (8, 'pdurand', 'les43bandits', 'DURAND', 'Pierre');
INSERT INTO enseignant (enseignantId, login, mp, nom, prenom) VALUES (9, 'emaje', 'les3soeurcieres', 'MAJE', 'Eric');
INSERT INTO enseignant (enseignantId, login, mp, nom, prenom) VALUES (10, 'cdelesalle', 'miranda', 'DELESALLE', 'Claire');
INSERT INTO enseignant (enseignantId, login, mp, nom, prenom) VALUES (11, 'scarre', 'rondettriangle', 'CARRE', 'Servane');
INSERT INTO enseignant (enseignantId, login, mp, nom, prenom) VALUES (12, 'jchasse', 'juliette', 'CHASSE', 'Juliette');
INSERT INTO enseignant (enseignantId, login, mp, nom, prenom) VALUES (13, 'mpotie', 'imppepiniere', 'POTIE', 'Marion');
INSERT INTO enseignant (enseignantId, login, mp, nom, prenom) VALUES (14, 'bmartin', 'lours', 'MARTIN', 'Bernard');
INSERT INTO enseignant (enseignantId, login, mp, nom, prenom) VALUES (15, 'pdelamartiniere', 'brenne', 'DE LA MARTINIERE', 'Pierre');
INSERT INTO enseignant (enseignantId, login, mp, nom, prenom) VALUES (16, 'edyvon', 'lalettre', 'DYVON', 'Elise');
INSERT INTO enseignant (enseignantId, login, mp, nom, prenom) VALUES (17, 'mfaron', 'les2fontlapaire', 'FARON', 'Maxence');
INSERT INTO enseignant (enseignantId, login, mp, nom, prenom) VALUES (18, 'epiron', 'patet12', 'PIRON', 'Enzo');
INSERT INTO enseignant (enseignantId, login, mp, nom, prenom) VALUES (19, 'adevincizi', 'labas', 'DEVINCIZI', 'Arthur');
INSERT INTO enseignant (enseignantId, login, mp, nom, prenom) VALUES (20, 'aphilippe', 'mdpanne', 'PHILIPPE', 'Anne');
INSERT INTO enseignant (enseignantId, login, mp, nom, prenom) VALUES (21, 'pdemarre', 'aqsze', 'DEMARRE', 'Pascal');
INSERT INTO enseignant (enseignantId, login, mp, nom, prenom) VALUES (22, 'agmarais', '', 'MARAIS', 'Anne-Gaelle');
INSERT INTO enseignant (enseignantId, login, mp, nom, prenom) VALUES (23, 'pmiron', 'ikramal', 'MIRON', 'Pablo');
INSERT INTO enseignant (enseignantId, login, mp, nom, prenom) VALUES (24, 'elapenne', NULL, 'LAPENNE', 'Emmanuelle');
INSERT INTO enseignant (enseignantId, login, mp, nom, prenom) VALUES (25, 'cduchemin', 'pirate', 'DUCHEMIN', 'Cécile');
INSERT INTO enseignant (enseignantId, login, mp, nom, prenom) VALUES (26, 'sroze', 'jvbet', 'ROZE', 'Sébastien');
INSERT INTO enseignant (enseignantId, login, mp, nom, prenom) VALUES (27, 'rdesbois', 'lavieenrose', 'DESBOIS', 'Romain');
INSERT INTO enseignant (enseignantId, login, mp, nom, prenom) VALUES (28, 'xfarin', 'mpolki', 'FARIN', 'Xavier');
INSERT INTO enseignant (enseignantId, login, mp, nom, prenom) VALUES (29, 'jlinamo', 'linamorata', 'LINAMO', 'Jeanne');
INSERT INTO enseignant (enseignantId, login, mp, nom, prenom) VALUES (30, 'jdavin', 'nhbgv', 'DAVIN', 'Julien');
INSERT INTO enseignant (enseignantId, login, mp, nom, prenom) VALUES (31, 'mpenne', 'louis', NULL, NULL);
INSERT INTO enseignant (enseignantId, login, mp, nom, prenom) VALUES (32, 'ydespleche', NULL, 'DESPLECHE', 'Yvon');
INSERT INTO enseignant (enseignantId, login, mp, nom, prenom) VALUES (33, 'sclement', 'vbhjio', 'CLEMENT', 'Soraya');
INSERT INTO enseignant (enseignantId, login, mp, nom, prenom) VALUES (34, 'lturin', 'mlknouille', NULL, NULL);
INSERT INTO enseignant (enseignantId, login, mp, nom, prenom) VALUES (35, 'nmetais', 'grisou', 'METAIS', 'Nathalie');
INSERT INTO enseignant (enseignantId, login, mp, nom, prenom) VALUES (36, 'emiron', NULL, 'MIRON', 'Erwann');
INSERT INTO enseignant (enseignantId, login, mp, nom, prenom) VALUES (37, 'kvonart', 'zztop', 'VONART', 'Karl');
INSERT INTO enseignant (enseignantId, login, mp, nom, prenom) VALUES (38, 'vzebulon', 'lemanegeenchanté', 'ZEBULON', 'Victor');
INSERT INTO enseignant (enseignantId, login, mp, nom, prenom) VALUES (39, 'kpollux', 'reves', 'POLLUX', 'Karine');
INSERT INTO enseignant (enseignantId, login, mp, nom, prenom) VALUES (40, 'czerte', 'liledeszertes', 'ZERTE', 'Clément');
INSERT INTO enseignant (enseignantId, login, mp, nom, prenom) VALUES (41, 'mmartabaffe', 'ponticlaude', 'MARTABAFFE', 'marc');
INSERT INTO enseignant (enseignantId, login, mp, nom, prenom) VALUES (42, 'bpascal', 'lemasque', 'PASCAL', 'Blaise');
INSERT INTO enseignant (enseignantId, login, mp, nom, prenom) VALUES (43, 'soukilele', 'pasbeau', 'OUKILELE', 'Sébastien');
INSERT INTO enseignant (enseignantId, login, mp, nom, prenom) VALUES (44, 'aseron', 'anne19751802', 'SERON', 'Anne');

INSERT INTO ressource (ressourceId, libelle, capacite) VALUES (1, 'Portable 01', NULL);
INSERT INTO ressource (ressourceId, libelle, capacite) VALUES (2, 'Portable 02', NULL);
INSERT INTO ressource (ressourceId, libelle, capacite) VALUES (3, 'Portable 03', NULL);
INSERT INTO ressource (ressourceId, libelle, capacite) VALUES (4, 'Portable 04', NULL);
INSERT INTO ressource (ressourceId, libelle, capacite) VALUES (5, 'Portable 05', NULL);
INSERT INTO ressource (ressourceId, libelle, capacite) VALUES (6, 'Portable 06', NULL);
INSERT INTO ressource (ressourceId, libelle, capacite) VALUES (7, 'Vidéoprojecteur STS', NULL);
INSERT INTO ressource (ressourceId, libelle, capacite) VALUES (8, 'Videoprojecteur IGAP', NULL);
INSERT INTO ressource (ressourceId, libelle, capacite) VALUES (9, 'Vidéoprojecteur PC', NULL);
INSERT INTO ressource (ressourceId, libelle, capacite) VALUES (10, 'Vidéoprojecteur CAV', NULL);
INSERT INTO ressource (ressourceId, libelle, capacite) VALUES (11, 'Salle 106', 16);
INSERT INTO ressource (ressourceId, libelle, capacite) VALUES (12, 'Salle 26', NULL);
INSERT INTO ressource (ressourceId, libelle, capacite) VALUES (13, 'Salle 203', NULL);
INSERT INTO ressource (ressourceId, libelle, capacite) VALUES (14, 'Salle P', 14);
INSERT INTO ressource (ressourceId, libelle, capacite) VALUES (16, 'Salle 104', 12);
INSERT INTO ressource (ressourceId, libelle, capacite) VALUES (17, 'Minibus', 9);
INSERT INTO ressource (ressourceId, libelle, capacite) VALUES (15, 'Salle 105', 12);
INSERT INTO ressource (ressourceId, libelle, capacite) VALUES (18, 'Salle 200', 24);
INSERT INTO ressource (ressourceId, libelle, capacite) VALUES (19, 'Salle 201', 25);


INSERT INTO reservation (ressourceId, dateReservation, heureDebut, heureFin, description, enseignantId, coursId, classeId) VALUES (1, '2011-09-05', '08:00:00', '10:00:00', '', 3, 2, 5);
INSERT INTO reservation (ressourceId, dateReservation, heureDebut, heureFin, description, enseignantId, coursId, classeId) VALUES (1, '2011-09-05', '10:00:00', '12:00:00', '', 3, 2, 11);
INSERT INTO reservation (ressourceId, dateReservation, heureDebut, heureFin, description, enseignantId, coursId, classeId) VALUES (7, '2011-09-07', '08:00:00', '12:00:00', '', 1, 3, 1);
INSERT INTO reservation (ressourceId, dateReservation, heureDebut, heureFin, description, enseignantId, coursId, classeId) VALUES (11, '2011-09-08', '08:00:00', '09:00:00', '', 2, 21, 8);
INSERT INTO reservation (ressourceId, dateReservation, heureDebut, heureFin, description, enseignantId, coursId, classeId) VALUES (11, '2011-09-07', '10:00:00', '11:00:00', '', 9, 22, 6);
INSERT INTO reservation (ressourceId, dateReservation, heureDebut, heureFin, description, enseignantId, coursId, classeId) VALUES (13, '2011-09-09', '08:00:00', '12:00:00', '', 3, 20, 1);
INSERT INTO reservation (ressourceId, dateReservation, heureDebut, heureFin, description, enseignantId, coursId, classeId) VALUES (8, '2011-09-12', '13:30:00', '15:30:00', '', 4, 6, 3);
INSERT INTO reservation (ressourceId, dateReservation, heureDebut, heureFin, description, enseignantId, coursId, classeId) VALUES (5, '2011-09-12', '08:00:00', '09:00:00', '', 21, 23, 17);
INSERT INTO reservation (ressourceId, dateReservation, heureDebut, heureFin, description, enseignantId, coursId, classeId) VALUES (1, '2011-09-12', '08:00:00', '17:30:00', '', 43, 1, NULL);
INSERT INTO reservation (ressourceId, dateReservation, heureDebut, heureFin, description, enseignantId, coursId, classeId) VALUES (10, '2011-09-13', '11:00:00', '12:00:00', '', 42, 28, 17);
INSERT INTO reservation (ressourceId, dateReservation, heureDebut, heureFin, description, enseignantId, coursId, classeId) VALUES (11, '2011-09-13', '13:30:00', '14:30:00', '', 10, 22, 13);
INSERT INTO reservation (ressourceId, dateReservation, heureDebut, heureFin, description, enseignantId, coursId, classeId) VALUES (12, '2011-09-14', '10:00:00', '12:00:00', '', 3, 4, 2);
INSERT INTO reservation (ressourceId, dateReservation, heureDebut, heureFin, description, enseignantId, coursId, classeId) VALUES (16, '2011-09-14', '13:30:00', '17:30:00', '', 22, 2, 2);
INSERT INTO reservation (ressourceId, dateReservation, heureDebut, heureFin, description, enseignantId, coursId, classeId) VALUES (15, '2011-09-15', '13:30:00', '16:30:00', '', 4, 5, 1);
INSERT INTO reservation (ressourceId, dateReservation, heureDebut, heureFin, description, enseignantId, coursId, classeId) VALUES (6, '2011-09-19', '08:00:00', '09:00:00', '', 32, 25, 17);
INSERT INTO reservation (ressourceId, dateReservation, heureDebut, heureFin, description, enseignantId, coursId, classeId) VALUES (9, '2011-09-20', '08:00:00', '17:30:00', '', 20, NULL, NULL);
INSERT INTO reservation (ressourceId, dateReservation, heureDebut, heureFin, description, enseignantId, coursId, classeId) VALUES (13, '2011-09-20', '13:30:00', '14:30:00', '', 3, 3, 1);
INSERT INTO reservation (ressourceId, dateReservation, heureDebut, heureFin, description, enseignantId, coursId, classeId) VALUES (2, '2011-09-22', '08:00:00', '10:00:00', '', 12, 24, 11);
INSERT INTO reservation (ressourceId, dateReservation, heureDebut, heureFin, description, enseignantId, coursId, classeId) VALUES (8, '2011-09-23', '13:30:00', '17:30:00', NULL, 6, 4, 3);
INSERT INTO reservation (ressourceId, dateReservation, heureDebut, heureFin, description, enseignantId, coursId, classeId) VALUES (11, '2011-09-26', '08:00:00', '09:00:00', '', 9, 2, 17);
INSERT INTO reservation (ressourceId, dateReservation, heureDebut, heureFin, description, enseignantId, coursId, classeId) VALUES (13, '2011-09-26', '10:00:00', '12:00:00', '', 3, 6, 1);
INSERT INTO reservation (ressourceId, dateReservation, heureDebut, heureFin, description, enseignantId, coursId, classeId) VALUES (17, '2011-09-27', '13:30:00', '17:30:00', '', 14, 28, 17);
INSERT INTO reservation (ressourceId, dateReservation, heureDebut, heureFin, description, enseignantId, coursId, classeId) VALUES (6, '2011-09-28', '08:00:00', '17:30:00', '', 4, NULL, NULL);
INSERT INTO reservation (ressourceId, dateReservation, heureDebut, heureFin, description, enseignantId, coursId, classeId) VALUES (15, '2011-09-29', '08:00:00', '12:00:00', '', 10, 27, 2);
INSERT INTO reservation (ressourceId, dateReservation, heureDebut, heureFin, description, enseignantId, coursId, classeId) VALUES (8, '2011-09-29', '11:00:00', '12:00:00', '', NULL, NULL, 4);
INSERT INTO reservation (ressourceId, dateReservation, heureDebut, heureFin, description, enseignantId, coursId, classeId) VALUES (8, '2011-10-03', '08:00:00', '17:30:00', '', NULL, NULL, 3);
INSERT INTO reservation (ressourceId, dateReservation, heureDebut, heureFin, description, enseignantId, coursId, classeId) VALUES (18, '2011-10-04', '08:00:00', '10:00:00', '', 18, 1, 18);
INSERT INTO reservation (ressourceId, dateReservation, heureDebut, heureFin, description, enseignantId, coursId, classeId) VALUES (6, '2011-10-06', '08:00:00', '17:30:00', '', 19, NULL, NULL);
INSERT INTO reservation (ressourceId, dateReservation, heureDebut, heureFin, description, enseignantId, coursId, classeId) VALUES (14, '2011-10-06', '13:30:00', '15:30:00', '', 3, 5, 1);
INSERT INTO reservation (ressourceId, dateReservation, heureDebut, heureFin, description, enseignantId, coursId, classeId) VALUES (7, '2011-10-07', '08:00:00', '09:00:00', '', 3, NULL, NULL);


UPDATE enseignant
SET login = 'emage',
	nom = 'MAGE'
WHERE(login = 'emaje' AND nom = 'MAJE');

UPDATE ressource
SET capacite = 1
WHERE(libelle LIKE '%Portable%')

INSERT INTO reservation (ressourceId, dateReservation, heureDebut, heureFin, description, enseignantId, coursId, classeId) VALUES (1, '2013-10-13', '10:00:00', '12:00:00', '', 3, 3, 1);

DELETE FROM ressource
WHERE(ressourceId = 2);

DELETE FROM enseignant
WHERE( nom='DAVIN' AND prenom='Julien');

SELECT coursId, libelle
FROM cours;

SELECT nom, prenom
FROM enseignant;

SELECT coursId, libelle
FROM cours
WHERE(libelle LIKE '%SLAM%');

SELECT dateReservation, heureDebut, heureFin, libelle
FROM reservation
INNER JOIN ressource
ON reservation.ressourceId = ressource.ressourceId
WHERE(dateReservation ='2011-09-12');

SELECT dateReservation, heureDebut, heureFin, description, nom, prenom
FROM reservation
INNER JOIN enseignant
ON reservation.enseignantId = enseignant.enseignantId
WHERE (description IS NOT NULL);

SELECT ressourceId, libelle
FROM ressource
WHERE (capacite IS NULL);

SELECT ressourceId, libelle, capacite
FROM ressource
WHERE (capacite BETWEEN 12 AND 24) AND (libelle LIKE '%Salle%');

SELECT dateReservation, heureDebut,heureFin, libelle, nom, prenom
FROM ressource
INNER JOIN reservation
ON ressource.ressourceId = reservation.ressourceId
INNER JOIN enseignant
ON reservation.enseignantId = enseignant.enseignantId
WHERE (classeId IS NULL);

SELECT dateReservation, heureDebut, heureFin, description, nom, prenom
FROM ressource
INNER JOIN reservation
ON ressource.ressourceId = reservation.ressourceId
INNER JOIN enseignant
ON reservation.enseignantId = enseignant.enseignantId
WHERE (dateReservation BETWEEN  '2011-09-01' AND '2011-09-15')
ORDER BY libelle;

SELECT enseignantId, login
FROM enseignant
WHERE(nom IS NULL AND prenom IS NULL);

SELECT DISTINCT nom,prenom
FROM enseignant
INNER JOIN reservation
ON enseignant.enseignantId = reservation.enseignantId
ORDER BY enseignant.nom, enseignant.prenom;